file,label
50_jpg.rf.54ee8b34e4521c3f3faa9745bc485a9f.jpg,fire
60_jpg.rf.375536c64310d4342af97ca330f9437c.jpg,fire
64_jpg.rf.96a3e9e64f8187d34a470ec04705d3d7.jpg,fire
7_jpg.rf.3ac45362118b297d8ebce9d9a0065976.jpg,fire
abc113_jpg.rf.6af45b28a275ba50da8985e1c0e499ce.jpg,fire
abc180_jpg.rf.0cb6c9fab43f4dbb9b21d9987994d890.jpg,fire
abc186_jpg.rf.60df3a21137528ae91aa07a8f5e77972.jpg,fire
car_fire1_0_jpg.rf.f139a9f99e89e8e91c56c28c4e1dd58f.jpg,fire
car_fire1_3_jpg.rf.f43bb9aef95f1024f68751774a7ab981.jpg,fire
car_fire1_5_jpg.rf.b7a5bbf2e98f1a958938514473daf4b0.jpg,fire
fire-152_png_jpg.rf.6528842e74d5eb0d0f643a712968c0c3.jpg,fire
fire-40_png_jpg.rf.91b6c53a476186fb302c5e33bf1316a8.jpg,fire
fire-453_png_jpg.rf.a473951da77d1615113a956196ef6305.jpg,fire
fire-478_png_jpg.rf.85ef8d7067721e64ef4389d672ac2d48.jpg,fire
fire-682_png_jpg.rf.8fd486d9002963ae953b8ea7e3f6fd9d.jpg,fire
fire-710_png_jpg.rf.e99d38a8bf131ad2970f7c9387fc1d30.jpg,fire
fire-736_png_jpg.rf.afc338c6556ab097721e9ede61014480.jpg,fire
fire-737_png_jpg.rf.d7f8e20e2c3f50fc45d857299de4cfc3.jpg,fire
fire101_jpg.rf.9bf39eb3ec4311a9495e53e1ac3f3aaf.jpg,fire
fire114_jpg.rf.c8289df05f641154f641e511db32d6e8.jpg,fire
fire126_jpg.rf.1a9b78e2ee336a3482744634c0811226.jpg,fire
fire1324_jpg.rf.50431798fd7ef1cfe125ad92b1b415a0.jpg,fire
fire1339_jpg.rf.ffc018e4c27d9a4bbff020fc92a7fcf0.jpg,fire
fire1342_jpg.rf.5f1c1e62971484835824e2ed3082aa26.jpg,fire
fire134_jpg.rf.6d7967ca63c2f129c7a10df2d2e34139.jpg,fire
fire1418_jpg.rf.4e8ecc6e9a057cea43de8ca33b71e753.jpg,fire
fire1452_jpg.rf.d657dae2ac5b5c9501408a7a7b22848b.jpg,fire
fire1466_jpg.rf.aead1c3d4cad288e23777a0696651a01.jpg,fire
fire1473_jpg.rf.8acd116be7ec00aaf4d7ab8a05b75501.jpg,fire
fire154_jpg.rf.d101e2c0ee7a6656dc500f4543244304.jpg,fire
fire160_jpg.rf.e5b1e27d479d8029086478ec41a172a3.jpg,fire
fire161_jpg.rf.74f076b95b7f32ce94a779022d9c2203.jpg,fire
fire174_jpg.rf.c00402cd02c35fac6280b4a0174d88c0.jpg,fire
fire214_jpg.rf.ad8db44c7f742ce9e2a211bdc2b03f95.jpg,fire
fire227_jpg.rf.307d8f2247e22d60a9e78e70734e132e.jpg,fire
fire242_jpg.rf.fc6fcbe0539e3129c1783ebfa54b7c55.jpg,fire
fire244_jpg.rf.a6e6420910b0fc4f42e38ed7fe0aef6b.jpg,fire
fire246_jpg.rf.d3835e32cc353ff0dbb6e99fbe64d264.jpg,fire
fire255_jpg.rf.db251408a509fae720df47231220735c.jpg,fire
fire265_jpg.rf.34f52d6acb72ab8b0b605938c14a0d43.jpg,fire
fire280_jpg.rf.70a8c0a1442fd396948a0685fd33a66f.jpg,fire
fire32_jpg.rf.dbe6eacee48e34b53c0431f709bfbf22.jpg,fire
fire342_jpg.rf.4bac37c82901c9d2124ac749bbefbef6.jpg,fire
fire344_jpg.rf.d96874cdeac93ea15625da3d461145d2.jpg,fire
fire374_jpg.rf.4bf32f1ec4d76c1facc74fa270177730.jpg,fire
fire37_jpg.rf.c09d9f52a2b28238bb3a4b0565e47ca9.jpg,fire
fire390_jpg.rf.7e00153c93e988d490a11797e227a6a3.jpg,fire
fire402_jpg.rf.8e7a5e358f221fc6f304b25ab7296011.jpg,fire
fire536_jpg.rf.29aa1383fafda8100a5594f5c00e4fe7.jpg,fire
fire81_jpg.rf.71613c52d00ee0b738229fe24d6a8d9e.jpg,fire
forest_fire10_16_jpg.rf.98bf96d246c79485f274f947d1577a1d.jpg,fire
forest_fire10_24_jpg.rf.705334a90c6402d4ffba2b15c14c48de.jpg,fire
forest_fire10_28_jpg.rf.eb211301f8294f829111710678054fc0.jpg,fire
forest_fire10_29_jpg.rf.0c0d9b6c01752c32b63bea6623e3ced2.jpg,fire
forest_fire10_42_jpg.rf.eb708b94f72b02dd108e4604ecde5957.jpg,fire
forest_fire10_49_jpg.rf.cd6cb029b00212e1f3a24ccb63867787.jpg,fire
forest_fire10_52_jpg.rf.beea1a748158ac1ee51de284d9ef20e4.jpg,fire
forest_fire10_54_jpg.rf.b17687d563e758ca18953c3135777104.jpg,fire
forest_fire10_55_jpg.rf.b3b53ab049ecae0169f135d631dc03f0.jpg,fire
forest_fire10_56_jpg.rf.7f8a33a3475c509bf120f8eb2c492543.jpg,fire
forest_fire10_59_jpg.rf.2933dc04697d622303db0be4b8dc73aa.jpg,fire
forest_fire10_63_jpg.rf.9f7a5572d5f3cd66b0b47a60a740aff9.jpg,fire
forest_fire10_65_jpg.rf.5f3b3bac26870c69cc52b980f49216b5.jpg,fire
forest_fire10_9_jpg.rf.c669a05789652c8186ca0a31243fe41f.jpg,fire
forest_fire11_125_jpg.rf.48af0fa2b6ddbd7490e6d1ba7e09c121.jpg,fire
forest_fire11_14_jpg.rf.6304c292eab1bfe8905a624336f1a2bf.jpg,fire
forest_fire11_150_jpg.rf.e268577451ac4f4a65c04d80440b42ea.jpg,fire
forest_fire11_162_jpg.rf.0caa8c4d5351028fa6acf439a2a368f3.jpg,fire
forest_fire11_163_jpg.rf.9ba31b6b2fbd4ceb92d0387b6d79d44b.jpg,fire
forest_fire11_169_jpg.rf.df5ed3ba0040aa3750afb96b38cac342.jpg,fire
forest_fire11_180_jpg.rf.6297e04f2c5519f61b87e1cb83ee6e43.jpg,fire
forest_fire11_18_jpg.rf.2f195bf737393f3b9743230ea1b889f7.jpg,fire
forest_fire11_1_jpg.rf.9660ec1d24db30b3c1f2668721de41f1.jpg,fire
forest_fire11_22_jpg.rf.1fd838aae7e92355b53c93742bed61ea.jpg,fire
forest_fire11_36_jpg.rf.8b5a6a1f1d684b8d218fd79ba8051498.jpg,fire
forest_fire11_39_jpg.rf.296a013e056b9f6e11de94868ce4dedf.jpg,fire
forest_fire11_65_jpg.rf.e6856b0af42e298b761074bab809d770.jpg,fire
forest_fire11_69_jpg.rf.6e7c998b0bca660306b001b851bf576a.jpg,fire
forest_fire11_7_jpg.rf.11610bf35bfc3f98effd21d61db9bc66.jpg,fire
forest_fire20_23_jpg.rf.51dfa0cb0d4457efcaf05c45988525d3.jpg,fire
forest_fire35_1050_jpg.rf.050c79969015843c05086ae115eb911c.jpg,fire
forest_fire35_150_jpg.rf.544a1c0d1ba7154b581840e6a0a864e8.jpg,fire
forest_fire35_1770_jpg.rf.795652b24221820f353bb7fcb9cdcafa.jpg,fire
forest_fire35_1920_jpg.rf.bd645c949b93de282d8eba824946f46e.jpg,fire
forest_fire35_2010_jpg.rf.9221b3e75af55eabd41ff7236d9b414b.jpg,fire
forest_fire35_2070_jpg.rf.8c250d44f94ce8c2cd446555b6971379.jpg,fire
forest_fire35_2130_jpg.rf.de4cae5ef6b2507be7071eb5e4a88bb7.jpg,fire
forest_fire35_2400_jpg.rf.17064417bae7ec43ca6dddbcc6a40e77.jpg,fire
forest_fire35_2430_jpg.rf.c05b5144847361f3abcfcb4e892ef1c1.jpg,fire
forest_fire35_2460_jpg.rf.2be0e97cbc65a7ee9335236e0d44f283.jpg,fire
forest_fire35_2490_jpg.rf.051f17b3222c257f6262d3f75062ad31.jpg,fire
forest_fire35_2790_jpg.rf.e48c4b452187b29210ced40919353c4f.jpg,fire
forest_fire35_2820_jpg.rf.08a6a65be017834c92e37d75621124ff.jpg,fire
forest_fire35_2940_jpg.rf.24a2bb8ee98bb153bf0ca5f1d8d8c0f3.jpg,fire
forest_fire35_2970_jpg.rf.63b46800735089e810021df867a6b753.jpg,fire
forest_fire35_3000_jpg.rf.e7eb37598957d96bddf9e1bc844bc849.jpg,fire
forest_fire35_3150_jpg.rf.73f787923189e19bf0ff6898dc29eea4.jpg,fire
forest_fire35_3240_jpg.rf.85fe91487c6d8b61730aab328e109791.jpg,fire
forest_fire35_3300_jpg.rf.5e905981fb209cd8e07b4b5a9a70b8e6.jpg,fire
forest_fire35_3420_jpg.rf.046f04a3455aa3f8ccbf5d2293cc7ec3.jpg,fire
forest_fire35_3480_jpg.rf.84112405ce72c99e3f331febe69b74b3.jpg,fire
forest_fire35_3540_jpg.rf.0b46a3a8f74206c84d3c345a8dadec73.jpg,fire
forest_fire35_3690_jpg.rf.0706df465f290e8b23e2a0e58b3bcd0a.jpg,fire
forest_fire35_3750_jpg.rf.a2f8fc5ce3b216c762c815a76948d0c0.jpg,fire
forest_fire35_480_jpg.rf.f441784a41350438a99daadee3111382.jpg,fire
forest_fire35_90_jpg.rf.aa7b62fd9701002decbc78b699370c23.jpg,fire
forest_fire3_113_jpg.rf.b494e1e2ba64daa407062f352939d264.jpg,fire
forest_fire3_115_jpg.rf.50f031d3d20f5f052454804af42fde28.jpg,fire
forest_fire3_119_jpg.rf.4d39653d4cdde42eb3f470c1aba6e8c9.jpg,fire
forest_fire3_126_jpg.rf.f865465b828b05838a88a020c93813d2.jpg,fire
forest_fire3_127_jpg.rf.222a895f3275051ad84fcebd2c216711.jpg,fire
forest_fire3_12_jpg.rf.5fc67038294bd9b95aaaa4e3f3d23417.jpg,fire
forest_fire3_133_jpg.rf.c3dbc039f2b1349adc054b552e126f87.jpg,fire
forest_fire3_15_jpg.rf.9f4c29ba99004b1df569bb3a90287bfb.jpg,fire
forest_fire3_170_jpg.rf.c3a4a392cb2e56d370d79f042d6644d7.jpg,fire
forest_fire3_177_jpg.rf.b848117347d7e8fe904a0a1a265a4c66.jpg,fire
forest_fire3_17_jpg.rf.f07563912049d7ca0bf5e959330fa787.jpg,fire
forest_fire3_184_jpg.rf.8ff9240d5319efc5d50793e7d83cb9de.jpg,fire
forest_fire3_189_jpg.rf.8fac76f0d690fd8801362312a6da29b5.jpg,fire
forest_fire3_19_jpg.rf.93829fed2d9414dac01c9378028ff99f.jpg,fire
forest_fire3_200_jpg.rf.1a4d7d897731b5dee1336e2a8d7db9c5.jpg,fire
forest_fire3_243_jpg.rf.ccdd191d71a79d91ae5c152a35b084e4.jpg,fire
forest_fire3_265_jpg.rf.995432d6bed36d78a5ef404be84d471a.jpg,fire
forest_fire3_274_jpg.rf.f34cdad44b240610e55293c0fa82594b.jpg,fire
forest_fire3_283_jpg.rf.2bde493ca495dd94898e547fa3ac6e6b.jpg,fire
forest_fire3_293_jpg.rf.480ac3e719582d5fd9c5e7c7fab193cb.jpg,fire
forest_fire3_298_jpg.rf.293f0b199b4071c5f05259784cdc0fe4.jpg,fire
forest_fire3_303_jpg.rf.0acdb215d5e686b92d773860dd24ed86.jpg,fire
forest_fire3_30_jpg.rf.bb07302597af44f2217064bca4d111bd.jpg,fire
forest_fire3_315_jpg.rf.a0b9050d71fe467c67de62512a054b49.jpg,fire
forest_fire3_318_jpg.rf.66cecd2621f3a24026a5450c0a946de6.jpg,fire
forest_fire3_31_jpg.rf.09dfd63f01d9e0ea4fc3e492d8bff733.jpg,fire
forest_fire3_43_jpg.rf.79b47907e4b2f2357c8cbe2a3af3c26e.jpg,fire
forest_fire3_44_jpg.rf.41c0411ce5480ba65eb2a61e0b30b555.jpg,fire
forest_fire3_49_jpg.rf.b8f8201e1c6753310419add903782d96.jpg,fire
forest_fire3_58_jpg.rf.c20bde5455b12eec81bc04927b9502d2.jpg,fire
forest_fire3_59_jpg.rf.0199677ecf2bf05a692fa984aa007d65.jpg,fire
forest_fire3_62_jpg.rf.411e2386571f4305e007b9f6fdb943b0.jpg,fire
forest_fire3_65_jpg.rf.c33e3df3ae4800642537453e055680de.jpg,fire
forest_fire3_70_jpg.rf.6330ecd829b6ca6a1e5d90c45e616937.jpg,fire
forest_fire3_75_jpg.rf.8408c941bd19957d5a9918583d491b9f.jpg,fire
forest_fire3_77_jpg.rf.b0414e4461148abddc1f1075e7e1c02d.jpg,fire
forest_fire3_79_jpg.rf.1c357819640ac588d6c381509cf7707b.jpg,fire
forest_fire3_80_jpg.rf.217b645b13ed267e82369a8bd50ccd65.jpg,fire
forest_fire3_85_jpg.rf.fb4e7f5384f9f5cf5aab62625bb44eb3.jpg,fire
forest_fire3_86_jpg.rf.29f251d3d931e3d6aaff1f65df7ae48a.jpg,fire
forest_fire3_93_jpg.rf.0e2da2aee05e53cc7e9f5046a6e08210.jpg,fire
forest_fire3_96_jpg.rf.f24b561f530c8fc51dff15b13a84a142.jpg,fire
forest_fire3_98_jpg.rf.3b6c75789da8a97ab582202f40eae965.jpg,fire
forest_fire42_630_jpg.rf.6ea7b6e30646fcda51e156185b74e187.jpg,fire
forest_fire43_10200_jpg.rf.1246c812bfbaf12eece4038ef0007dd2.jpg,fire
forest_fire43_10440_jpg.rf.6367718944bd958544bab2b31fff8286.jpg,fire
forest_fire43_11010_jpg.rf.0c879b8860afd1968472936532b258b1.jpg,fire
forest_fire43_11130_jpg.rf.ba7fee8776c3eaa582c1349964bfe508.jpg,fire
forest_fire43_11190_jpg.rf.1fbdeb3cfc261e4df039e152d849655f.jpg,fire
forest_fire43_11220_jpg.rf.3da031947771dd5644f0bcba051a94e5.jpg,fire
forest_fire43_11370_jpg.rf.a51f056d460de214b3634d2538c39093.jpg,fire
forest_fire43_11640_jpg.rf.35029350dfc1f9f8675ec47e83bd9e97.jpg,fire
forest_fire43_12690_jpg.rf.3f9bf513929a510bf065196a2c892f36.jpg,fire
forest_fire43_12810_jpg.rf.e19dc3a75152ccb0d753a1379b931809.jpg,fire
forest_fire43_12960_jpg.rf.c42b2b3bf9f3ce8e6fa8d22468993f09.jpg,fire
forest_fire43_12990_jpg.rf.953781887c274a429f9b9b8806a581a7.jpg,fire
forest_fire43_13380_jpg.rf.b716e59eb2f0462fc179bb1da7bd37f0.jpg,fire
forest_fire43_13740_jpg.rf.abd8180ddd7d6a28b740676a55816377.jpg,fire
forest_fire43_13770_jpg.rf.a4a9edf1305a3558d09171a09656d0ee.jpg,fire
forest_fire43_13830_jpg.rf.fed34842b1ddcb993e23007347048fcd.jpg,fire
forest_fire43_14190_jpg.rf.d3d9b0c352cdc19496b0bfa5bb656449.jpg,fire
forest_fire43_14340_jpg.rf.10e5f9d75dc81448743578ab25dc8f73.jpg,fire
forest_fire43_14430_jpg.rf.aa9eeffa221d995d747a3fe731180d1b.jpg,fire
forest_fire43_14490_jpg.rf.ea831a157a9b63814ce8792a5ae4fe91.jpg,fire
forest_fire43_14580_jpg.rf.d832a09627f0add554ec12505a16cb4f.jpg,fire
forest_fire43_14700_jpg.rf.1738f71f5526bb80d79aa6ad4aac43ea.jpg,fire
forest_fire43_14760_jpg.rf.69acca0c76d3faf30f48d5ec0c4c61cd.jpg,fire
forest_fire43_150_jpg.rf.33b892c3ed5fa438132831dee612380c.jpg,fire
forest_fire43_15180_jpg.rf.27cadc63f55dae5637583de5dd3e2ae9.jpg,fire
forest_fire43_15210_jpg.rf.f85196c3e156dd49ce050ee483556c9e.jpg,fire
forest_fire43_15540_jpg.rf.5f9a4377285f60c2874195fbb07127d1.jpg,fire
forest_fire43_15630_jpg.rf.c5ff57fde435c23cbbe08f280e46fca5.jpg,fire
forest_fire43_15660_jpg.rf.6e3221b871d699f56e05b415c2f6c2b4.jpg,fire
forest_fire43_15750_jpg.rf.055c1baef08e7f9a1b7eb956f478beb5.jpg,fire
forest_fire43_15810_jpg.rf.9c52f4b88929b8f5925d2335d035906b.jpg,fire
forest_fire43_15900_jpg.rf.e989ccb5408ead315dece4a4fcdedc2f.jpg,fire
forest_fire43_16020_jpg.rf.7868f95c2336e484fcd0c5a370a31af8.jpg,fire
forest_fire43_390_jpg.rf.b183687552f4624e968279213f97a51f.jpg,fire
forest_fire43_5040_jpg.rf.b22ad07db31295e78a83e320b3331cbf.jpg,fire
forest_fire43_5580_jpg.rf.b77a37f4ef28e94754a32c5f6ca840e6.jpg,fire
forest_fire43_5760_jpg.rf.1b63680f042d611f809139909bd80ac9.jpg,fire
forest_fire43_6930_jpg.rf.11ea5f81ca51520d86b647970572108c.jpg,fire
forest_fire43_8640_jpg.rf.f00a813528e6c4454d56b6897528702c.jpg,fire
forest_fire43_8730_jpg.rf.ac4943f63427f99b47235affac7710af.jpg,fire
forest_fire43_8820_jpg.rf.dd05a7424720b5750a8b8edff68be8c7.jpg,fire
forest_fire43_9150_jpg.rf.7a50c83708be9f13360563037370a130.jpg,fire
forest_fire43_9180_jpg.rf.69429f5868c495cc75a2bc4f3e14f5ea.jpg,fire
forest_fire43_9240_jpg.rf.9b1e4768626ca6ec9bf5c1dec82c545e.jpg,fire
forest_fire43_9330_jpg.rf.6fb63060c6bf1b02be92f46baa6ec0af.jpg,fire
forest_fire43_9390_jpg.rf.85a4f4be1c2802a549952e4aa77426df.jpg,fire
forest_fire43_9570_jpg.rf.df092c301b89adef61d0030e71a58ac0.jpg,fire
forest_fire43_9750_jpg.rf.a3b9d9b466e5b8b77a83fe7676c7a4dc.jpg,fire
forest_fire45_1140_jpg.rf.59b18d74cdc5146c53145302b8662931.jpg,fire
forest_fire45_1170_jpg.rf.59e32f64119a30dafca43f776310d8ae.jpg,fire
forest_fire45_1200_jpg.rf.566ce3d0c02a7aad7209a2f1da493758.jpg,fire
forest_fire45_1260_jpg.rf.3b90b4f7189afba611e8a4b2f43d5360.jpg,fire
forest_fire45_1290_jpg.rf.3d776880a04e5ca747d0f7bf5d6dc7ee.jpg,fire
forest_fire45_1560_jpg.rf.7721443364b10858419aee3d8e3e4e55.jpg,fire
forest_fire45_1740_jpg.rf.c7416ed68ea3227379523c4ed40bb769.jpg,fire
forest_fire45_1770_jpg.rf.75123c30872ba914d875f9974fdbf653.jpg,fire
forest_fire45_2220_jpg.rf.2aaeb47720dd887f0e5adcbb1ca842d0.jpg,fire
forest_fire45_3420_jpg.rf.18d4f649e628aa8d24aca6f2f921acf0.jpg,fire
forest_fire45_480_jpg.rf.cb1c889ea3db7a536c6db1a2a9a5aae8.jpg,fire
forest_fire45_900_jpg.rf.67ecbad9ed29b91809598d4a2bda2696.jpg,fire
forest_fire45_960_jpg.rf.5634296e4d473071a89419ef664b70dc.jpg,fire
forest_fire47_1725_jpg.rf.91e1b3a86fef06ed14df4daeb539bdab.jpg,fire
forest_fire47_2675_jpg.rf.189ea43c187062ec1da48dd3a3e0a9bd.jpg,fire
forest_fire47_2725_jpg.rf.cb39e2f9719acfa4297b238bc794fd42.jpg,fire
forest_fire49_1416_jpg.rf.ae2bd4740e50de24a7fa68288ace58c7.jpg,fire
forest_fire49_1512_jpg.rf.95ea2ba68d73beb6ca08e6418085d28d.jpg,fire
forest_fire4_163_jpg.rf.3920651c5dea0ce091974a6938b3f617.jpg,fire
forest_fire4_165_jpg.rf.2c3f093da524b709ed3ad8ac0c02f8c1.jpg,fire
forest_fire50_180_jpg.rf.7b3112e97ae860c6ebbff2f7f8cd8cbf.jpg,fire
forest_fire50_1920_jpg.rf.6e527aaea345b80d943c17ef95e97e3b.jpg,fire
forest_fire50_2130_jpg.rf.33db31bcac50d011e54cf0141f62b0a5.jpg,fire
forest_fire50_630_jpg.rf.f0e3ccdebce788c13443c1c9562eb6ca.jpg,fire
forest_fire50_750_jpg.rf.ec1d135d5487300ef81e30fe9e840a16.jpg,fire
forest_fire53_10020_jpg.rf.1ec6bf50c2910e0c1041a2a73aa7669c.jpg,fire
forest_fire53_11760_jpg.rf.44889c51ece1687bc7b1e23e8daa38a1.jpg,fire
forest_fire53_11850_jpg.rf.3ce9ad9acfbefb21c726a4609256e6cb.jpg,fire
forest_fire53_12090_jpg.rf.478bee5ca55717d129c12601f281c79e.jpg,fire
forest_fire53_12750_jpg.rf.5115b254aef1dc22d8f474947803d2c2.jpg,fire
forest_fire53_12960_jpg.rf.cb6f37c68d3136695a9e1579d43145e0.jpg,fire
forest_fire53_13680_jpg.rf.081c8dee619ff5793c16500b8b937e5b.jpg,fire
forest_fire53_3030_jpg.rf.3c4155a96179984522bc66880725524f.jpg,fire
forest_fire53_3480_jpg.rf.a533f34c79bd970338e6170d727a509a.jpg,fire
forest_fire53_3600_jpg.rf.25bb88cde78f772d1423e6ee0dfa671a.jpg,fire
forest_fire53_3840_jpg.rf.94a66257c6c75097d4c3459c5d958a47.jpg,fire
forest_fire53_5790_jpg.rf.79cc5e3d0fc88ffa5dc65a35c6399052.jpg,fire
forest_fire55_250_jpg.rf.5db33dc1a75a3cc56295bc650ef46d14.jpg,fire
forest_fire5_0_jpg.rf.f5b5e2113ac0a371617db38f96c080ef.jpg,fire
forest_fire5_101_jpg.rf.a410c2da86eb0eb865199cecce41288b.jpg,fire
forest_fire5_102_jpg.rf.7f5137bf1de52c831ee8db3a2aa8f325.jpg,fire
forest_fire5_106_jpg.rf.29c762e516209eef1cc1d38efb10d99a.jpg,fire
forest_fire5_119_jpg.rf.87261605e68d5da0d01d3df7a8cf940e.jpg,fire
forest_fire5_120_jpg.rf.b5198f6a05c36dfe3c817d6d171dd5c3.jpg,fire
forest_fire5_15_jpg.rf.be67d860e3d3bdc2fe8219a8f12299a1.jpg,fire
forest_fire5_17_jpg.rf.6b102cd8b51e01a27312607daba86929.jpg,fire
forest_fire5_31_jpg.rf.6b0e03b4dc532a1d39d500575d57fcac.jpg,fire
forest_fire5_34_jpg.rf.c49474aaad14f6a9a86b446c702ff686.jpg,fire
forest_fire5_36_jpg.rf.677c457530b7bb097d64a152db42dd8a.jpg,fire
forest_fire5_3780_jpg.rf.4bfe6e3075a357140db1219b89e0c954.jpg,fire
forest_fire5_37_jpg.rf.4a7e0c3d54d3d489941d308509894e8a.jpg,fire
forest_fire5_39_jpg.rf.12e2e214d53759bbfa8b12e34f6632f2.jpg,fire
forest_fire5_41_jpg.rf.235da35bc9529c01f4f4351f7bee29af.jpg,fire
forest_fire5_44_jpg.rf.e1d843467fc9ae7f8bc1b50a2a2e3650.jpg,fire
forest_fire5_46_jpg.rf.e132781dc7ea2e7a4df70ed16dd6336f.jpg,fire
forest_fire5_56_jpg.rf.80b2fcd725115eb7e48c91ae1cdcd41a.jpg,fire
forest_fire5_68_jpg.rf.8d221dafd2a8f776a8704ae80d4ade9e.jpg,fire
forest_fire69_3150_jpg.rf.f60615575d3ef56cd113d422af6e375b.jpg,fire
forest_fire72_1320_jpg.rf.6254341d651bf0870ec108995d0de7a6.jpg,fire
forest_fire72_1440_jpg.rf.8bc08ec23cb72143f4ec025387c557ed.jpg,fire
forest_fire72_2070_jpg.rf.0962e7882c73c805192d3302b27dcd16.jpg,fire
forest_fire72_2790_jpg.rf.8b6ccc3dbbebee1f8a73816ef0b47bee.jpg,fire
forest_fire72_3030_jpg.rf.4e8d3c776f897c0e36db448024344d5f.jpg,fire
forest_fire72_3240_jpg.rf.1370fc8b18f30334c8b9f515497010ae.jpg,fire
forest_fire72_3270_jpg.rf.e96beaee71bb6d82675fcb4637dfd89d.jpg,fire
forest_fire72_3600_jpg.rf.65794887794ebc68a120a88aadb2f96f.jpg,fire
forest_fire72_420_jpg.rf.2014e09a351b0b078c29437fda1f6837.jpg,fire
forest_fire72_510_jpg.rf.23c54b6962bd358d2f5b28096ff427c0.jpg,fire
forest_fire72_540_jpg.rf.fa5c1fdf4ec70550f18e38422bf268bb.jpg,fire
forest_fire72_600_jpg.rf.6487bbef701e25f1ac8539c47d96aa4a.jpg,fire
forest_fire72_60_jpg.rf.cb3741bb76af51681ca6974b78c0102a.jpg,fire
forest_fire72_630_jpg.rf.52b429ffab345d926d365d61fa66c356.jpg,fire
forest_fire72_990_jpg.rf.9a27fdf49ae1e7e4b277a6def50ce02d.jpg,fire
forest_fire73_11460_jpg.rf.431ae78e2dd178167c84ceffc0dc635f.jpg,fire
forest_fire73_11520_jpg.rf.5977b953eece7a62fbc5269ed7ae7254.jpg,fire
forest_fire73_12630_jpg.rf.f10fe57303e590a5a3af468cea65a7bf.jpg,fire
forest_fire73_13890_jpg.rf.217b1bf58563e66fb655a49e19e026e8.jpg,fire
forest_fire73_13920_jpg.rf.65e16b917314e57ca42d67b64866ff12.jpg,fire
forest_fire73_14610_jpg.rf.4a8a5aa79197835a634043f86b43246c.jpg,fire
forest_fire73_15720_jpg.rf.bcbe7b146102c805a9afc45b4da84b4b.jpg,fire
forest_fire73_16590_jpg.rf.74d16d2707560ee96617a160919f581a.jpg,fire
forest_fire73_18090_jpg.rf.1ac02d0829f924dbc87892e7bead6fdc.jpg,fire
forest_fire73_2130_jpg.rf.42d600675e0c61d279254c5f3037615c.jpg,fire
forest_fire73_25560_jpg.rf.088a3db5e72db76a1e01a4e1b9ee22d6.jpg,fire
forest_fire73_2610_jpg.rf.89ff5604f3d4a5be7123881c78aeeaf7.jpg,fire
forest_fire73_27570_jpg.rf.7ea24f5ce6d51b34b9894715f9e8a69f.jpg,fire
forest_fire73_35610_jpg.rf.7ed9ded52dbc684f42545f8aeb69e5a1.jpg,fire
forest_fire73_38430_jpg.rf.8cd9533701af9eee5837253dbf24b1dc.jpg,fire
forest_fire73_38970_jpg.rf.fb9d2064858cc3a7eaa979d0f89286de.jpg,fire
forest_fire73_39600_jpg.rf.1853e0c5d7a1532c64da661863eea245.jpg,fire
forest_fire73_7260_jpg.rf.4a3ead839e00a4dd08e3255d82ef0982.jpg,fire
forest_fire73_8250_jpg.rf.2f54122caf01fbdf6964bc92a93c3271.jpg,fire
forest_fire73_8970_jpg.rf.6d48e79b583cbcc5fbb335113cb264df.jpg,fire
forest_fire73_9060_jpg.rf.8154ae156a51ef12e78fec19746e17be.jpg,fire
forest_fire73_9450_jpg.rf.924801799d5e0dcf1fee2259b38edc54.jpg,fire
house_fire4_246_jpg.rf.114fc218f0117f449cfb699ec7e5837e.jpg,fire
--------_103_jpg.rf.cb9c169a042a858e59bbbdc329720aee.jpg,fog
--------_569_jpg.rf.a9e9dbdf2fc132ef4ae4ba713ffec1dc.jpg,fog
-------_0_jpg.rf.ab10d15d22730881a5501003b4d18a1f.jpg,fog
-------_107_jpg.rf.c23900cbc405449d140a225620011436.jpg,fog
------_126_jpg.rf.b38e4eaff2b1b41e661b4de9c20f545d.jpg,fog
------_61_jpg.rf.b4908dd786fee2de3f638d36a7e212df.jpg,fog
----_122_jpg.rf.1f0bb2595573e3b89639fed72ed4e3af.jpg,fog
Forest-Mapping-Finca_10000_jpg.rf.2c307ffbd0dc6e2ec5d44c528967504d.jpg,fog
Forest-Mapping-Finca_10100_jpg.rf.d06e95eba083ffc34795241065d8ec42.jpg,fog
Forest-Mapping-Finca_10200_jpg.rf.3935700067d3dc1df114803824af2265.jpg,fog
Forest-Mapping-Finca_10400_jpg.rf.df096ac41ee2571d55427084585c0241.jpg,fog
Forest-Mapping-Finca_10600_jpg.rf.9eeab8bb4be3ed72d50013dfcf1e2bdc.jpg,fog
Forest-Mapping-Finca_10700_jpg.rf.8427a4af3e9bf80dfa68862c38a0b442.jpg,fog
Forest-Mapping-Finca_11300_jpg.rf.3d250a000528446e3c73214569a4d01e.jpg,fog
Forest-Mapping-Finca_11700_jpg.rf.56e816416ea0e3ce20bebdad5062bafc.jpg,fog
Forest-Mapping-Finca_11800_jpg.rf.5b2fd4fa698e2b26d12389929f62d645.jpg,fog
Forest-Mapping-Finca_12000_jpg.rf.b800816703827feb3fc3f25c1182abbc.jpg,fog
Forest-Mapping-Finca_12300_jpg.rf.5bcbeabb3de1fe0aae8549e277bb0634.jpg,fog
Forest-Mapping-Finca_13000_jpg.rf.e6067db064c8f70aa9635653b72ced77.jpg,fog
Forest-Mapping-Finca_13100_jpg.rf.537797b68960ea1b5fd23c464441b4c0.jpg,fog
Forest-Mapping-Finca_13300_jpg.rf.b805c498fb240bcf0516d8264f46731c.jpg,fog
Forest-Mapping-Finca_13400_jpg.rf.10888a3e01587a1128d4a421fe1c5a62.jpg,fog
Forest-Mapping-Finca_13600_jpg.rf.bf2aeefd8836dcbc49ae6e3fcd2bef28.jpg,fog
Forest-Mapping-Finca_14900_jpg.rf.6d8f2d3a7213c2006ae8898e024aa9c7.jpg,fog
Forest-Mapping-Finca_16200_jpg.rf.678c88aa12087acee0e68d45a831f42a.jpg,fog
Forest-Mapping-Finca_16300_jpg.rf.a08979b9afa7222a94d0ef8f64f368a5.jpg,fog
Forest-Mapping-Finca_16500_jpg.rf.0860c8fd07a0158fbb432e56ee52c99a.jpg,fog
Forest-Mapping-Finca_16600_jpg.rf.87a54303584e5605b841457b78084bf6.jpg,fog
Forest-Mapping-Finca_16800_jpg.rf.c842d56320c3ade5c0ec59d80d0ed1d5.jpg,fog
Forest-Mapping-Finca_16900_jpg.rf.6c7f8ceaf10ebf0763aeccd74c83c80d.jpg,fog
Forest-Mapping-Finca_17100_jpg.rf.b46b043879c7ab80fda98765da6030ae.jpg,fog
Forest-Mapping-Finca_17500_jpg.rf.82557707cf3a04e759570162ef3a31cd.jpg,fog
Forest-Mapping-Finca_17800_jpg.rf.9617840a69e9e11ba9f4a9d1a693b77e.jpg,fog
Forest-Mapping-Finca_18200_jpg.rf.bad52f070e3f646578895ed87f65f09c.jpg,fog
Forest-Mapping-Finca_2000_jpg.rf.1e981b9a4f8482d1e0e65069545eb335.jpg,fog
Forest-Mapping-Finca_20900_jpg.rf.4e094236361c240d2ce026e728e0ace8.jpg,fog
Forest-Mapping-Finca_21200_jpg.rf.7549d4b9a7a4e6f4dbee817f78f2e6f7.jpg,fog
Forest-Mapping-Finca_21500_jpg.rf.d013a67d21893014ed69af47dffbe5a6.jpg,fog
Forest-Mapping-Finca_21600_jpg.rf.4d5edf0d49a12e4d1a9442433df04f20.jpg,fog
Forest-Mapping-Finca_2200_jpg.rf.70a08cd2cedd4b9ed1d32c6b932f2aea.jpg,fog
Forest-Mapping-Finca_24600_jpg.rf.c9a4295784ed71fbc7663919a7e9f65a.jpg,fog
Forest-Mapping-Finca_25100_jpg.rf.48ed80e05c84f9e4e2137d30deb9d12e.jpg,fog
Forest-Mapping-Finca_25400_jpg.rf.60b1058cb1513e9a57e59b1f7f5cf3ee.jpg,fog
Forest-Mapping-Finca_25500_jpg.rf.1bbb42e02331bda3652ce744fff318d0.jpg,fog
Forest-Mapping-Finca_25800_jpg.rf.b909648ef954d09e662a20d06222385c.jpg,fog
Forest-Mapping-Finca_26300_jpg.rf.4489147f3ba545fcc30aa87c5338cce3.jpg,fog
Forest-Mapping-Finca_3000_jpg.rf.a3b3f3f52b00ca2fbbd37019db9f80c1.jpg,fog
Forest-Mapping-Finca_3100_jpg.rf.7e2ceb6eab692e3f4693ac5f0ce05130.jpg,fog
Forest-Mapping-Finca_3300_jpg.rf.a8e2bb6ad60bcdab51ab9b331cc9c810.jpg,fog
Forest-Mapping-Finca_3900_jpg.rf.42ed6ef9996f9522b95e9e79f813e257.jpg,fog
Forest-Mapping-Finca_42400_jpg.rf.3d9e0cdd09cbc99d4351a263891ef107.jpg,fog
Forest-Mapping-Finca_42800_jpg.rf.f55257f05f2f6c2ee58ec947559f5eb6.jpg,fog
Forest-Mapping-Finca_42900_jpg.rf.c5958fc502d9169c77b6162a45b3752e.jpg,fog
Forest-Mapping-Finca_45900_jpg.rf.d9718c8f0d9ae88af367567d5c66a13f.jpg,fog
Forest-Mapping-Finca_46200_jpg.rf.660bdfda7cfa56b1230c45c1ab7839c6.jpg,fog
Forest-Mapping-Finca_4900_jpg.rf.87aa9c77efa5ceb594cdf8ec67e67450.jpg,fog
Forest-Mapping-Finca_500_jpg.rf.7818e3e843a3fa6e523a1f4cbcc683c5.jpg,fog
Forest-Mapping-Finca_5100_jpg.rf.a5b4d26f934cb40357d5426a35894ab6.jpg,fog
Forest-Mapping-Finca_51400_jpg.rf.0304413f4a054ba90177c37666444157.jpg,fog
Forest-Mapping-Finca_51800_jpg.rf.1084da4445884ad8617acfe8d68e8a37.jpg,fog
Forest-Mapping-Finca_5400_jpg.rf.c6a444c5ad5f2e0c949041131c0d94e2.jpg,fog
Forest-Mapping-Finca_58400_jpg.rf.229afb08282ef4daf0906911f36f16c7.jpg,fog
Forest-Mapping-Finca_58500_jpg.rf.202212dca141615e858cc615ef18ae96.jpg,fog
Forest-Mapping-Finca_5900_jpg.rf.fb0df5369edb6d4507282e6cd188dae5.jpg,fog
Forest-Mapping-Finca_59300_jpg.rf.d2f8d94a2a3297766f6e508da19a0d2b.jpg,fog
Forest-Mapping-Finca_68500_jpg.rf.a4d238db73c287863f404f30e412c196.jpg,fog
Forest-Mapping-Finca_71500_jpg.rf.7a6666841cea8893e7ebdcb5666a5bce.jpg,fog
Forest-Mapping-Finca_71700_jpg.rf.5c7e6f7fef24d35ae76e0ef983ccf6e8.jpg,fog
Forest-Mapping-Finca_71900_jpg.rf.cd9daea5e91ddafd31b7418cb3e2236c.jpg,fog
Forest-Mapping-Finca_72300_jpg.rf.9aee5eaba55fcb1a10fe139294ef6d0f.jpg,fog
Forest-Mapping-Finca_72400_jpg.rf.eab986a5a2c7c42d535fdb30bc036a51.jpg,fog
Forest-Mapping-Finca_7400_jpg.rf.cc15c69a4a821981765989e5b96fe058.jpg,fog
Forest-Mapping-Finca_7500_jpg.rf.1446e5a98a01f680b2b83f2c694b0455.jpg,fog
Forest-Mapping-Finca_7600_jpg.rf.2a705fd6ad99b4e76d688726341f5ae2.jpg,fog
Forest-Mapping-Finca_7700_jpg.rf.272b81cf06802a128b14643cffcf440e.jpg,fog
Forest-Mapping-Finca_8000_jpg.rf.a3cde12fdfc65825ee9706b33f69fc6d.jpg,fog
Forest-Mapping-Finca_8400_jpg.rf.b33425b281434fdb2c9aab8f08b27d2f.jpg,fog
Forest-Mapping-Finca_9100_jpg.rf.c10aeb9af872590668b91a69afd1d993.jpg,fog
nofire14_10650_jpg.rf.8662ad43a65ab24f3007fa08fe804b2b.jpg,fog
Phantom3_Pro_Sunrise_14910_jpg.rf.3b15f3f35915faad4423607258487e09.jpg,fog
Phantom3_Pro_Sunrise_7050_jpg.rf.c60b2d095cc0d77bcf5b5d21070f2e7a.jpg,fog
Phantom3_Pro_Sunrise_7140_jpg.rf.08ea850ed423c9b460076020aac0bde4.jpg,fog
non_fire.1.png,No fire
non_fire.10.png,No fire
non_fire.100.png,No fire
non_fire.101.png,No fire
non_fire.102.png,No fire
non_fire.103.png,No fire
non_fire.104.png,No fire
non_fire.105.png,No fire
non_fire.106.png,No fire
non_fire.107.png,No fire
non_fire.108.png,No fire
non_fire.109.png,No fire
non_fire.11.png,No fire
non_fire.110.png,No fire
non_fire.111.png,No fire
non_fire.112.png,No fire
non_fire.113.png,No fire
non_fire.114.png,No fire
non_fire.115.png,No fire
non_fire.116.png,No fire
non_fire.117.png,No fire
non_fire.118.png,No fire
non_fire.119.png,No fire
non_fire.12.png,No fire
non_fire.120.png,No fire
non_fire.121.png,No fire
non_fire.122.png,No fire
non_fire.123.png,No fire
non_fire.124.png,No fire
non_fire.125.png,No fire
non_fire.126.png,No fire
non_fire.127.png,No fire
non_fire.128.png,No fire
non_fire.129.png,No fire
non_fire.13.png,No fire
non_fire.130.png,No fire
non_fire.131.png,No fire
non_fire.132.png,No fire
non_fire.133.png,No fire
non_fire.134.png,No fire
non_fire.135.png,No fire
non_fire.136.png,No fire
non_fire.137.png,No fire
non_fire.138.png,No fire
non_fire.139.png,No fire
non_fire.14.png,No fire
non_fire.140.png,No fire
non_fire.141.png,No fire
non_fire.142.png,No fire
non_fire.143.png,No fire
non_fire.144.png,No fire
non_fire.145.png,No fire
non_fire.146.png,No fire
non_fire.147.png,No fire
non_fire.148.png,No fire
non_fire.149.png,No fire
non_fire.15.png,No fire
non_fire.150.png,No fire
non_fire.151.png,No fire
non_fire.152.png,No fire
non_fire.153.png,No fire
non_fire.154.png,No fire
non_fire.155.png,No fire
non_fire.156.png,No fire
non_fire.157.png,No fire
non_fire.158.png,No fire
non_fire.159.png,No fire
non_fire.16.png,No fire
non_fire.160.png,No fire
non_fire.161.png,No fire
non_fire.162.png,No fire
non_fire.163.png,No fire
non_fire.164.png,No fire
non_fire.165.png,No fire
non_fire.166.png,No fire
non_fire.167.png,No fire
non_fire.168.png,No fire
non_fire.169.png,No fire
non_fire.17.png,No fire
non_fire.170.png,No fire
non_fire.171.png,No fire
non_fire.172.png,No fire
non_fire.173.png,No fire
non_fire.174.png,No fire
non_fire.175.png,No fire
non_fire.176.png,No fire
non_fire.177.png,No fire
non_fire.178.png,No fire
non_fire.179.png,No fire
non_fire.18.png,No fire
non_fire.180.png,No fire
non_fire.181.png,No fire
non_fire.182.png,No fire
non_fire.183.png,No fire
non_fire.184.png,No fire
non_fire.185.png,No fire
non_fire.186.png,No fire
non_fire.187.png,No fire
non_fire.188.png,No fire
non_fire.19.png,No fire
non_fire.190.png,No fire
non_fire.191.png,No fire
non_fire.192.png,No fire
non_fire.193.png,No fire
non_fire.194.png,No fire
non_fire.195.png,No fire
non_fire.196.png,No fire
non_fire.197.png,No fire
non_fire.198.png,No fire
non_fire.199.png,No fire
non_fire.2.png,No fire
non_fire.20.png,No fire
non_fire.200.png,No fire
non_fire.201.png,No fire
non_fire.202.png,No fire
non_fire.203.png,No fire
non_fire.204.png,No fire
non_fire.205.png,No fire
non_fire.206.png,No fire
non_fire.207.png,No fire
non_fire.208.png,No fire
non_fire.209.png,No fire
non_fire.21.png,No fire
non_fire.210.png,No fire
non_fire.211.png,No fire
non_fire.212.png,No fire
non_fire.213.png,No fire
non_fire.214.png,No fire
non_fire.215.png,No fire
non_fire.216.png,No fire
non_fire.217.png,No fire
non_fire.218.png,No fire
non_fire.219.png,No fire
non_fire.22.png,No fire
non_fire.220.png,No fire
non_fire.221.png,No fire
non_fire.222.png,No fire
non_fire.223.png,No fire
non_fire.224.png,No fire
non_fire.225.png,No fire
non_fire.226.png,No fire
non_fire.227.png,No fire
non_fire.228.png,No fire
non_fire.229.png,No fire
non_fire.23.png,No fire
non_fire.230.png,No fire
non_fire.231.png,No fire
non_fire.232.png,No fire
non_fire.233.png,No fire
non_fire.234.png,No fire
non_fire.235.png,No fire
non_fire.236.png,No fire
non_fire.237.png,No fire
non_fire.238.png,No fire
non_fire.239.png,No fire
non_fire.24.png,No fire
non_fire.240.png,No fire
non_fire.241.png,No fire
non_fire.242.png,No fire
non_fire.243.png,No fire
non_fire.244.png,No fire
non_fire.25.png,No fire
non_fire.26.png,No fire
non_fire.27.png,No fire
non_fire.28.png,No fire
non_fire.29.png,No fire
non_fire.3.png,No fire
non_fire.30.png,No fire
non_fire.31.png,No fire
non_fire.32.png,No fire
non_fire.33.png,No fire
non_fire.34.png,No fire
non_fire.35.png,No fire
non_fire.36.png,No fire
non_fire.37.png,No fire
non_fire.38.png,No fire
non_fire.39.png,No fire
non_fire.4.png,No fire
non_fire.40.png,No fire
non_fire.41.png,No fire
non_fire.42.png,No fire
non_fire.43.png,No fire
non_fire.44.png,No fire
non_fire.45.png,No fire
non_fire.46.png,No fire
non_fire.47.png,No fire
non_fire.48.png,No fire
non_fire.49.png,No fire
non_fire.5.png,No fire
non_fire.50.png,No fire
non_fire.51.png,No fire
non_fire.52.png,No fire
non_fire.53.png,No fire
non_fire.54.png,No fire
non_fire.55.png,No fire
non_fire.56.png,No fire
non_fire.57.png,No fire
non_fire.58.png,No fire
non_fire.59.png,No fire
non_fire.6.png,No fire
non_fire.60.png,No fire
non_fire.61.png,No fire
non_fire.62.png,No fire
non_fire.63.png,No fire
non_fire.64.png,No fire
non_fire.65.png,No fire
non_fire.66.png,No fire
non_fire.67.png,No fire
non_fire.68.png,No fire
non_fire.69.png,No fire
non_fire.7.png,No fire
non_fire.70.png,No fire
non_fire.71.png,No fire
non_fire.72.png,No fire
non_fire.73.png,No fire
non_fire.74.png,No fire
non_fire.75.png,No fire
non_fire.76.png,No fire
non_fire.77.png,No fire
non_fire.78.png,No fire
non_fire.79.png,No fire
non_fire.8.png,No fire
non_fire.80.png,No fire
non_fire.81.png,No fire
non_fire.82.png,No fire
non_fire.83.png,No fire
non_fire.84.png,No fire
non_fire.85.png,No fire
non_fire.86.png,No fire
non_fire.87.png,No fire
non_fire.88.png,No fire
non_fire.89.png,No fire
non_fire.9.png,No fire
non_fire.90.png,No fire
non_fire.91.png,No fire
non_fire.92.png,No fire
non_fire.93.png,No fire
non_fire.94.png,No fire
non_fire.95.png,No fire
non_fire.96.png,No fire
non_fire.97.png,No fire
non_fire.98.png,No fire
non_fire.99.png,No fire
ck0k99e6p79go0944lmxivkmv_jpeg_jpg.rf.9f94a6cefd0bbd6053939b2fdc8df54a.jpg,smoke
ck0k99r7bir3f0a460bctrlmy_jpeg_jpg.rf.2eb29043b2449e3a54e6b694de419e5a.jpg,smoke
ck0k9aqm99o2o0721aml8qpqr_jpeg_jpg.rf.533ce214326c622e7c6607b43de15f01.jpg,smoke
ck0k9dg0vjxcg0848rmqzl38w_jpeg_jpg.rf.e34abdaa57725d03c4f937b2628f39d3.jpg,smoke
ck0k9etuqjxhh0848k6i1mw2f_jpeg_jpg.rf.e04bce0fab7df8309d3b1cbe834c720c.jpg,smoke
ck0k9ghqt7a8l0944mcvy0jsx_jpeg_jpg.rf.302c8f9ee66599120b57391bcdab3fd8.jpg,smoke
ck0kck2czj0l10a46f6xkvofl_jpeg_jpg.rf.0a3d9e3f970f85c9bf89989a2720ebfc.jpg,smoke
ck0kcn7u1j0vk0a46lr8si8zl_jpeg_jpg.rf.b6ff52bd8624b93b67a1ddafd70a120f.jpg,smoke
ck0kcnh1p4uns0794bs53wqam_jpeg_jpg.rf.94fcf817fdee7e1ceb7c6e51f9702d20.jpg,smoke
ck0kcnqqgk6li0848vp3bn5sx_jpeg_jpg.rf.725e8af92e1fd1c46ef7e5ec88ac776d.jpg,smoke
ck0kcoc8ik6ni0848clxs0vif_jpeg_jpg.rf.e4fa031470e900f8754f1032004b65db.jpg,smoke
ck0kcpbi29y0x0721g7dlzzcs_jpeg_jpg.rf.6ede413f73b1cbc3d4a8f7332868b567.jpg,smoke
ck0kcqhwf4qtf0863lv432phe_jpeg_jpg.rf.cc973f8af1dc9c3dddf34308d5d794b8.jpg,smoke
ck0kd2lpc7kvu0944pq8xomg1_jpeg_jpg.rf.4bbd1ad8a8dbe813aa0e4e2e4f1d367d.jpg,smoke
ck0kd86qe8gf507018qw8usfe_jpeg_jpg.rf.2da51220a85ccfdd29f6f3b6bbb0e637.jpg,smoke
ck0kd8vmh68nl083835g4ngoc_jpeg_jpg.rf.efa3c5ad5980bba15a3be7c0ed10ba78.jpg,smoke
ck0kdgfrn7loi0944bc5njxd7_jpeg_jpg.rf.997df103a6550522763a0f79cefcd865.jpg,smoke
ck0kdhizwj37t0a461n7bsvun_jpeg_jpg.rf.e9862ee97954af44a6d8f1b1e87d2210.jpg,smoke
ck0kdhymna0b10721v4wntit8_jpeg_jpg.rf.193a5db4c0c892cb441e20c84f568f1b.jpg,smoke
ck0kdklhl8h7h07015yka75gg_jpeg_jpg.rf.6c4e55adde3c644d8c27198de56337d0.jpg,smoke
ck0kdpfyk4t8v08633b9u5zhe_jpeg_jpg.rf.7a3ceb9d8e7be9a66ffc6e96e2bd0296.jpg,smoke
ck0kdwh3o6akx0838c87v3jbu_jpeg_jpg.rf.b5a2b98989043f896cad66ac048bcdcb.jpg,smoke
ck0kdxyxd8iat0701jbwd0oq6_jpeg_jpg.rf.984922783184a8736fff5eaed882c213.jpg,smoke
ck0ken8886dvt0838isatschp_jpeg_jpg.rf.431a8ffeae7b8833c79396d5b18598ad.jpg,smoke
ck0keprw9ke1d08483vmle7ed_jpeg_jpg.rf.10520a4ea451951f11ac4ff78943f47d.jpg,smoke
ck0kfhu4n8q7f0701ixmonyig_jpeg_jpg.rf.a3d3610b7d9173f9f20d6ca31838f2ce.jpg,smoke
ck0kfmg3p6jh90838qxnikor1_jpeg_jpg.rf.980f6e9aa78e538d3b96e181ce8d88e8.jpg,smoke
ck0khrpvr6w7p08381txzz4na_jpeg_jpg.rf.fb7740c539b9fcb251cfa6d3faa853c9.jpg,smoke
ck0khrzkh940s0701k1i2tfe3_jpeg_jpg.rf.8695d3dc627f387d386c45d3e0dd0566.jpg,smoke
ck0kht0vs5k2r079428olg3jt_jpeg_jpg.rf.df38372a8336aa81b219514ea55f9cd8.jpg,smoke
ck0khu2xz94nj070165dkfirk_jpeg_jpg.rf.88f0b5e83e72deea6b0ff7ecc57a56b1.jpg,smoke
ck0khubxx5khq0794ja58vgv5_jpeg_jpg.rf.4c85f9ef0a8ab5260dc37ece90281673.jpg,smoke
ck0kkep0vb0nz0721g3sq0a4g_jpeg_jpg.rf.12a4d44c85696e07b7ac64c479f185ba.jpg,smoke
ck0kkg80v5x900794hcgsb4e1_jpeg_jpg.rf.5b23e7a7bd32b612f0f682daf56d5348.jpg,smoke
ck0kkgwvk9hhg0701edmbvr7r_jpeg_jpg.rf.7ae1b0cba08f562fd4c4f81e764a2118.jpg,smoke
ck0kkjnqo5xx10794xzpyur0y_jpeg_jpg.rf.5b35b6acba66416fe9e8ccb3c2b8fdc6.jpg,smoke
ck0kkta309jh807010cayyl5d_jpeg_jpg.rf.f4a6d442bc0f70a287d4465dc96ce71f.jpg,smoke
ck0kky5oy7d3s08381yd0i465_jpeg_jpg.rf.c6dab5157d67c1164140868c68c4215c.jpg,smoke
ck0kkywt08q2d0944abjjfi8q_jpeg_jpg.rf.5d135cd07a2fc734f949c4c51576783c.jpg,smoke
ck0kkzh767dc70838hdq9sv4u_jpeg_jpg.rf.aa6f1b2fc4abf7432f320ec8945c4342.jpg,smoke
ck0kl11aa7dlt0838zoqikube_jpeg_jpg.rf.218227f9f125ed4b41cb56b453c4798d.jpg,smoke
ck0kl1k8d9ks80701twyaq08t_jpeg_jpg.rf.b04056db4362b091a5dbd8be5219806e.jpg,smoke
ck0kl34jm7e2s08384qcp85ih_jpeg_jpg.rf.86e20bdbfe406bac292f8faf1c61d170.jpg,smoke
ck0kl3hgk8qyh0944gjtwyh6h_jpeg_jpg.rf.cc0ad6a6690071b7491842ea26f4a612.jpg,smoke
ck0klcevilg5n0848axl4ww0k_jpeg_jpg.rf.1f5a6679dcaa89b41a483dc38974b339.jpg,smoke
ck0km26n78w6b0944d8vapoyy_jpeg_jpg.rf.f406d98d0fd5d151ecd11d590750f3d9.jpg,smoke
ck0km3uktkdxc0a46uf6e417v_jpeg_jpg.rf.8731ce91b97d4eab3326b333067d7e42.jpg,smoke
ck0km5c8vke4q0a46trc774lh_jpeg_jpg.rf.5848f0d8b8778335f5f6b4e2eaf68f4c.jpg,smoke
ck0km5x3u9r910701d3yfjhtv_jpeg_jpg.rf.48c85831aa19b54af1b83ddfd3329801.jpg,smoke
ck0km64lvbavu0721bhfm918u_jpeg_jpg.rf.c05dd8e963a545b79b0b0686e39ff3f4.jpg,smoke
ck0kmem9m68vr07947lx0jam1_jpeg_jpg.rf.6e403abadaecc9dc31d463025db74c04.jpg,smoke
ck0kmfd7ibcib0721v08q1jv0_jpeg_jpg.rf.320bf274ad2e232cee54781b176525c3.jpg,smoke
ck0kmh9hhkg5e0a46we9ywaxl_jpeg_jpg.rf.4baa5261c0dfa4ee672747a371942daf.jpg,smoke
ck0kmi7k47m0i08380dwkjuc1_jpeg_jpg.rf.89fcb5d9d883ba4426cd0b65d26f0baf.jpg,smoke
ck0kmp3qy67dy08634jubsyx8_jpeg_jpg.rf.b622e1585d43b57a7e331ddfa52d8a47.jpg,smoke
ck0kmpmy67n4j08386u8554cs_jpeg_jpg.rf.dbe2e66d7c0a6af26d33fb84a9d85e45.jpg,smoke
ck0kn591g92v60944tmg09bpa_jpeg_jpg.rf.748069ec36424dd824673231b709df59.jpg,smoke
ck0kn6a6093460944dnwl19so_jpeg_jpg.rf.0b318a5a9f28b285ed07d749c64dd41d.jpg,smoke
ck0kn9jfn6eb50794lzp777i0_jpeg_jpg.rf.ee872bb2bd54937d238ff2fb5cb1c98a.jpg,smoke
ck0knw1mc96cu09446iq0ugae_jpeg_jpg.rf.4d932fc5bb0503d2b534c5ea246fd513.jpg,smoke
ck0kosmizkqdq0a46xgz65fgt_jpeg_jpg.rf.2c2ecf96cb857a3aa60847a1717c3245.jpg,smoke
ck0kot81t6k5g079474qsyev2_jpeg_jpg.rf.1590a388430608cc3f63dc8a76b29013.jpg,smoke
ck0kp6k1p6lxe0794by4thy6r_jpeg_jpg.rf.f0bd2353ecc38db2063a35f409068b42.jpg,smoke
ck0l7xwvu94160794ed6vldx0_jpeg_jpg.rf.49763b90c04ed3efeb661d8a00d2609a.jpg,smoke
ck0l8askp96bh0794bppil14t_jpeg_jpg.rf.089daf964a5e34e90f3edbb4dec9b4e3.jpg,smoke
ck0l8b13joiy30848vj3d2ndb_jpeg_jpg.rf.5db2c7bcfe2b544fbfb9a80b3f5bd1cd.jpg,smoke
ck0l8bqss96gu0794pchtppli_jpeg_jpg.rf.7b8382b1198244393b87095b2ca76542.jpg,smoke
ck0l8culveaqb0721xkucococ_jpeg_jpg.rf.d321953ad4fe321031d995baa9897ac3.jpg,smoke
ck0l8drn7ahtr08388pnkoq7o_jpeg_jpg.rf.c43f54f10a1c4a4fc05e5d9d3d189bab.jpg,smoke
ck0l95c8fegck072116xdbwp6_jpeg_jpg.rf.b1ad13117f886f7ce4fa0c6fba8302d5.jpg,smoke
ck0l967uheggs0721rz56fgry_jpeg_jpg.rf.ce62005b1c18ced22dadae38ca2619fd.jpg,smoke
ck0l9d0tt981g0863dmttkl8h_jpeg_jpg.rf.7a972008a00c0f07865758ec76311753.jpg,smoke
ck0l9dfokcv7o07013t4kgamc_jpeg_jpg.rf.d0cc12fece2d3a25083ccc2743d7d8bb.jpg,smoke
ck0l9fr16nhu20a46eqv4fvr8_jpeg_jpg.rf.13b9eb943e9870bcc25f3f3fe83380c3.jpg,smoke
ck0l9y6snotc30848s7ciyz6j_jpeg_jpg.rf.9e7f902b321e4855f121401f4d077a3c.jpg,smoke
ck0lwgsmatsrm0848br00vfki_jpeg_jpg.rf.5a5264b89ae9d77f9634ad3f7a7a4bc8.jpg,smoke
ck0lwh1i7ed810863a8ql1pat_jpeg_jpg.rf.46c60d42c1da43e7f434c788b5b2b56c.jpg,smoke
ck0lwhatvfrid08386w2352zc_jpeg_jpg.rf.fd8c5c6ca29e55435f9515b788f45b52.jpg,smoke
ck0lwirdeh6zk0944n5uj6q6i_jpeg_jpg.rf.bed93234f97e4e9251e265a0ef860e0e.jpg,smoke
ck0lx3s62sysz0a46pq7rsuuw_jpeg_jpg.rf.fd3993f0206a6bba060c91b9292ccd2f.jpg,smoke
ck0lx4sqkjw920721qbehquxz_jpeg_jpg.rf.e58137fe140c19f26ea6f91a86e6595f.jpg,smoke
ck0lx50eojwbq0721qtix2xqg_jpeg_jpg.rf.46570657fb18b83ad9f019c477fb80aa.jpg,smoke
ck0lx68q2szgt0a460zlk49kf_jpeg_jpg.rf.e5066a0c671b2b2c87c438fd706133e9.jpg,smoke
ck0lx9tk9g22n0838e6v5csum_jpeg_jpg.rf.7dd98a604b5eaa102673c4acac41241b.jpg,smoke
ck0lxa18hic880701ux5axl97_jpeg_jpg.rf.fd7c205bd17e6dc39326f0a9163a92ca.jpg,smoke
ck0lxdhtohhdr0944vck0s787_jpeg_jpg.rf.06f6761930e9b2d6577a6d64fd81b4b8.jpg,smoke
ck0lxe157jywu0721jwuvnom0_jpeg_jpg.rf.3ce4e3c983fb83166a07e32e145ef59b.jpg,smoke
ck0lxeugahhve09449l5anbuj_jpeg_jpg.rf.2742729261a632ef3172abf8c77a4b5b.jpg,smoke
ck0lxi2vsiexh0701c7jcu934_jpeg_jpg.rf.1732e32787445b3b1f8e2bd807f2784d.jpg,smoke
ck0lyfhltum8h0848fs747twi_jpeg_jpg.rf.0f59023f3ea2c3e7f5280fef049b68ba.jpg,smoke
ck0lyghgkfe8a0794h5pz92p7_jpeg_jpg.rf.74db3194a8042b020d90033c8c9a7063.jpg,smoke
ck0lyh3mpi04c094450wwwb9g_jpeg_jpg.rf.9deadabde1a5875169a10521fe4b1b99.jpg,smoke
ck0lzxfw9iyx50944qfn9yxxl_jpeg_jpg.rf.580ba7cb0e2440726b9c2c28f38e6423.jpg,smoke
ck0lzyygqj00t0944qnwlwjf2_jpeg_jpg.rf.1fb754651e0efba01ad945141724f237.jpg,smoke
ck0m0ch9ugnna07940o8x989j_jpeg_jpg.rf.1df0b6b73406d1453919537f195ee539.jpg,smoke
ck0m0dejchvnj08381f1xtpqs_jpeg_jpg.rf.a06eb87f0153adb699bdb6b0ce1f3451.jpg,smoke
ck0m0etrphwjo0838r9wzd6ia_jpeg_jpg.rf.853040393e48ba6d129aa11e3d1a6263.jpg,smoke
ck0m0gpkagpzy0794ulwtreu6_jpeg_jpg.rf.f4c7bdcd2cecd744a7e1a9229ab1880a.jpg,smoke
ck0m14kd9vbfd0a46f2gcpvjf_jpeg_jpg.rf.aac039e9e572413f6141a833dff7123d.jpg,smoke
ck0m15mtdwdk30848aglnguy1_jpeg_jpg.rf.930a5d2f37f1b20b8350165fb0b716dc.jpg,smoke
ck0m1n0c1hbus0863ti6kd58t_jpeg_jpg.rf.63d5fdf29b4d25106daafdca111564e5.jpg,smoke
ck0na3ee97aa6072160kaqfv8_jpeg_jpg.rf.d45984c5be8db03a472efbbc055465c7.jpg,smoke
ck0na43fc1vfh0794pxban58i_jpeg_jpg.rf.70f678becb07d5828408c21daa0535b7.jpg,smoke
ck0na5s461w2n0794ifd5c5cs_jpeg_jpg.rf.33fad7cb6ef9d9600682b470a2974a8d.jpg,smoke
ck0na7z5a7deh0721q2xhjvl6_jpeg_jpg.rf.24fb8ecb0948513f3e22d226357ead01.jpg,smoke
ck0na8r4s7dor0721s8pn4uvo_jpeg_jpg.rf.0924666857d6c4fee7f20d5be5c093ff.jpg,smoke
ck0na9q14gaaa0a46ghbnn940_jpeg_jpg.rf.b56c4e27e28516279fe570258870cc9f.jpg,smoke
ck0nabd8whgv30848prwciv2b_jpeg_jpg.rf.f202ecc58827063bb11395ece5b23487.jpg,smoke
ck0ncrvqe47qd08384wqzjlk9_jpeg_jpg.rf.5042ea7988251f29ce27cf1f6839c888.jpg,smoke
ck0nctujv31lz0794ow6lj285_jpeg_jpg.rf.661c2edf46ca5eeebf58f164b0591ce8.jpg,smoke
ck0nculry62mq0944n824zvzk_jpeg_jpg.rf.e188725394e05ef7679f9de84f2cad06.jpg,smoke
ck0ncwdaxhgtf0a46wezybiq2_jpeg_jpg.rf.45b7085f3c1489c65ca286ea1d9dd4b5.jpg,smoke
ck0nd5toq009k0804lhknr6zt_jpeg_jpg.rf.3e163990f5e731c4e2b362b7f750dd41.jpg,smoke
ck0ndfo8l6ov10701vn095htn_jpeg_jpg.rf.3fe77fdea34f4ab2edd3d56fc3d8db24.jpg,smoke
ck0ndoj9r8u8w07216trgrwuz_jpeg_jpg.rf.b3da7e83112529312a256d778725e10b.jpg,smoke
ck0ndrnhi3fkn0794vbn53c08_jpeg_jpg.rf.ec6b9657ad733e51f98c25be1435098c.jpg,smoke
ck0nds16a43eg08630h6n5un1_jpeg_jpg.rf.13200d4b7d69e3be5ca6470c3e076346.jpg,smoke
ck0ndu6n1059n0738t860ip47_jpeg_jpg.rf.40e53be937af1758b4c7c7e92888f7c2.jpg,smoke
ck0ndy9p207ai0738n7khflbr_jpeg_jpg.rf.015890926e33aecb9779da94ee5a5d98.jpg,smoke
ck0nefzg24hv30863efhq3fp1_jpeg_jpg.rf.1b6b88bb7a4ec065d1d702162ea83cac.jpg,smoke
ck0negbgs3uhi0794nkdvb6zi_jpeg_jpg.rf.08ac0daa260e3c15289ea013cca18a99.jpg,smoke
ck0nett9672gj0944feegfre7_jpeg_jpg.rf.b813ed8ee169e78ee44e63e68e26006a.jpg,smoke
ck0nevwgw73ne094401pqo8zp_jpeg_jpg.rf.3acd62a31486528c72d898a9db342011.jpg,smoke
ck0nf3wev47fm0794xfr1xuhs_jpeg_jpg.rf.c1ef0d40cbbe58479ac442360e30fe45.jpg,smoke
ck0nf44ililfz0a469cimeiu1_jpeg_jpg.rf.139adb84a573bdf8a9f223130e45971c.jpg,smoke
ck0nf53eo78rg0944btmudhsc_jpeg_jpg.rf.7a4c4c6ea70dbb600b62f6eb64c21fdf.jpg,smoke
ck0nfms4c59l108632rf19agc_jpeg_jpg.rf.3e59623fbb11c136e33b9b2f5b543c6f.jpg,smoke
ck0nfnbw45srt083889319uj8_jpeg_jpg.rf.4e269a7157bdc88c61312578421d5bd8.jpg,smoke
ck0nfo0y4a2a00721ek5g056r_jpeg_jpg.rf.3ce7268620f265bb0370aaaf405e52a4.jpg,smoke
ck0nfobvt4msi07944oj7bzx6_jpeg_jpg.rf.0ab0d18d7dfdb0f4a3727e8b421d48cd.jpg,smoke
ck0nfoxrpj0xh0a46qv68gp45_jpeg_jpg.rf.04e5c3c7dfd0d0b2fab982a3d7cb8efa.jpg,smoke
ck0nfsgb3a5cl0721k678jfzb_jpeg_jpg.rf.41266b6c7dc6ffeadc2a44722ad86bce.jpg,smoke
ck0nftsdy5xck0838qb0yk262_jpeg_jpg.rf.3a57746332467e3a1001405052aeb03e.jpg,smoke
ck0oulkapr2bj0794zz57fbjp_jpeg_jpg.rf.6a8feaab8f8c474767dec31a429dd1e2.jpg,smoke
ck0ounp7qrrb80863c0xidr4j_jpeg_jpg.rf.4416b7d045b06a04509b4641b105f620.jpg,smoke
ck0ovlupvx57v0721dn80vmur_jpeg_jpg.rf.a469648d35a313fdc639881ed3c58fb9.jpg,smoke
ck0ovnfap7g9u0848nlx6v59i_jpeg_jpg.rf.017724e08a40254bcf83342de91e3f6d.jpg,smoke
ck0ovrdff7ir20848kelskyn8_jpeg_jpg.rf.aa4ecdc162103ab6f7e708523d1cd12c.jpg,smoke
ck0ovtzvntedo08385kjpyx6a_jpeg_jpg.rf.1801b66f8499dbc76bc87553941c0439.jpg,smoke
ck0ow7vs07tuz08485n4yz5si_jpeg_jpg.rf.b682baea7b6644520dcc7259b5e4f39d.jpg,smoke
ck0owog84vf1d0701sbf84fw6_jpeg_jpg.rf.979a28038a37af87212464c34cfa5ada.jpg,smoke
ck0qb93azjo480721ojf86ytj_jpeg_jpg.rf.f327a53a101aea88e518659c9842b3ac.jpg,smoke
ck0qb9do2fwc708385reizk6h_jpeg_jpg.rf.917fa5a661a44305f857e7f9e3efc407.jpg,smoke
ck0qbolrmhccn0944s970z7xn_jpeg_jpg.rf.f7cfeebb785fb773b58aa1c0076c2678.jpg,smoke
ck0qbsnz6fcn40863jl1deoe9_jpeg_jpg.rf.528151d322564ec7e6c3ddd42c7437d1.jpg,smoke
ck0qc7xskeu3r07948qg5ycne_jpeg_jpg.rf.3b1878e8adca85128f0c0e1fa86409d2.jpg,smoke
ck0qd5it1i1wl0944fqp8vf9c_jpeg_jpg.rf.e22a214f5db23d28106f956d5d256dbd.jpg,smoke
ck0qd7zf9fax10794ucj3kmt5_jpeg_jpg.rf.ff2ad4010ed6d650f2a600381b261210.jpg,smoke
ck0qdeht7feba0794xskx01vd_jpeg_jpg.rf.dce764d16b324526ab4047f21ebb2c49.jpg,smoke
ck0qdf4hwkrzf0721pwn991sv_jpeg_jpg.rf.654b9d77f383696e32d8c12746549530.jpg,smoke
ck0qdgpy2ksso0721wbiaedz7_jpeg_jpg.rf.dc3271c464516190d3d367e3ee3c8822.jpg,smoke
ck0rp6q4583zz0721mrh6corb_jpeg_jpg.rf.37184c5a332a1433b2901244fd426007.jpg,smoke
ck0rp6xx53tvu0863dmbu45el_jpeg_jpg.rf.6fdda4ca25030b240f38418084c53366.jpg,smoke
ck0rp7n2684q30721hrzu5r15_jpeg_jpg.rf.da8caf50fc89dc258d5bb8aaec93ded3.jpg,smoke
ck0rp7ve43ul20863ldcq568m_jpeg_jpg.rf.199dbf26f914a32594210a13d33c69c4.jpg,smoke
ck0rp9iochje10a46pq920puz_jpeg_jpg.rf.ec0f6eb351e2d8844f979f3bb8126a20.jpg,smoke
ck0rplig25z1n0944kpecwx3o_jpeg_jpg.rf.8bec3866d8ed4615e453209fea842bad.jpg,smoke
ck0rqdyeq4kxa08633xv2wqe1_jpeg_jpg.rf.f4e9c7267a9229e51c0eaa3d44ffb720.jpg,smoke
ck0rqf6p055aw0838g7rq1u9v_jpeg_jpg.rf.7d2ab63fe4479e8c452a7ca6d28a216d.jpg,smoke
ck0rqgv1m8wok07216g2getrt_jpeg_jpg.rf.5fddc708b359f3314cacd4c2e86af23c.jpg,smoke
ck0rqiv7l57ak0838i1l3rovg_jpeg_jpg.rf.b445da7f3473c6901023ea5d360c8f90.jpg,smoke
ck0rqjl29ibr20a46351u8ys5_jpeg_jpg.rf.9a7f6cdc76ee0bc05695061b3e6a2963.jpg,smoke
ck0rqlgco58j50838724x6rym_jpeg_jpg.rf.1556de790da003f289a906431b1d1641.jpg,smoke
ck0rqrdr86mhp09441c8d69w7_jpeg_jpg.rf.3702804a8cbaa9f74fa74d038608fd5a.jpg,smoke
ck0rr0ik14xk30863c291xijp_jpeg_jpg.rf.d9f62f1c70412355601795682fc6f7c2.jpg,smoke
ck0rr132a3x9r0794yhwyho26_jpeg_jpg.rf.40fbe6b152a064076c5f512aabb81fb3.jpg,smoke
ck0rr40pt71p40701fl50vzfa_jpeg_jpg.rf.6ee1f87a9b89e2cfe67395aa293036c3.jpg,smoke
ck0rr6kut5kx30838ethvdv5u_jpeg_jpg.rf.e934fe06fb78956a1513abdae3a5fca8.jpg,smoke
ck0rr7nhf6w970944cb2nnlih_jpeg_jpg.rf.34244817285c47f483122da5611e00b3.jpg,smoke
ck0rrpwlvj04d0a46r4th0cjf_jpeg_jpg.rf.adac442b646d6781c829d86baab85d54.jpg,smoke
ck0t1qg3kyft90a46nddriu6k_jpeg_jpg.rf.7fec56b41f803f3418d28037e6d2bfbb.jpg,smoke
ck0t22nfcmwoj0701cj69tol6_jpeg_jpg.rf.6e293a9c378197cb6134a4c2ae563978.jpg,smoke
ck0t2zodcyvqs0a46wwxb53xm_jpeg_jpg.rf.f42b85781b320dd51de7e86b9660456f.jpg,smoke
ck0t30z1wlpg60838dc6e4lcx_jpeg_jpg.rf.eae7a0eb8fca42ea421edc0c874c1208.jpg,smoke
ck0t3htqxn88w09443dhqtzrh_jpeg_jpg.rf.42ebe81bc4137dbe0ba60ee07c98b4ba.jpg,smoke
ck0t3iu3flv0k0838lql92x5b_jpeg_jpg.rf.adea19e57f23da4021d46db64871c7d0.jpg,smoke
ck0t4kdl1nlyb07011sj8qjd8_jpeg_jpg.rf.36157753d5e2fd8eeb17e20fec18066a.jpg,smoke
ck0t4s7ibnk170944ffcd9q57_jpeg_jpg.rf.65403220df880b07a9b67c7213128bdd.jpg,smoke
ck0t50qh5zfpc0a46o2ppy49w_jpeg_jpg.rf.5df0d2345ef99595a5ba56bfb131a4e6.jpg,smoke
ck0t58uo4nvw40701ubn1fua7_jpeg_jpg.rf.44044366192dd1e946bdbbdf45105d99.jpg,smoke
ck0t5k7tonwo20944nfnbqogm_jpeg_jpg.rf.3d0a690d61c5e61c7ffc4281420543e0.jpg,smoke
ck0t5nqi3zqqj0a46iyhhhw7b_jpeg_jpg.rf.a294bb58d3bfccafd417586f799f24bc.jpg,smoke
ck0t5oyi1mlpd08385ihi4js3_jpeg_jpg.rf.5160e4b250105a09b68216f98160d02b.jpg,smoke
ck0t5t7ggo1650944q3cyegrd_jpeg_jpg.rf.4c304648780d143250c92c9c1179278e.jpg,smoke
ck0t6c6eg0n3m08483m1afytd_jpeg_jpg.rf.e6fce1f5c0e73efecb2cff373b4cd1d3.jpg,smoke
ck0t6flogo9bb094428fjegnm_jpeg_jpg.rf.90db02b70273441911ef7125edc2f7ac.jpg,smoke
ck0t6zwah09e20a4695tura09_jpeg_jpg.rf.0d9971b5246bc0214f6f8109a7a38923.jpg,smoke
ck0t734s0mizv0863sujq0i7p_jpeg_jpg.rf.4223dc7a99957de75fe95bebd25d835d.jpg,smoke
ck0t73htzoi4l0944t1g4vr7e_jpeg_jpg.rf.cfde0690632a39447ef17d4ca1708427.jpg,smoke
ck0t74gx40b5u0a46s72no2dg_jpeg_jpg.rf.2a33489acc006222b1c2877feb4fde18.jpg,smoke
ck0t765i5mk8j0863od0a5ghy_jpeg_jpg.rf.982e4ceed8f2b8a07718ffdd1be3f471.jpg,smoke
ck0t782sh0yo80848y50f5ugf_jpeg_jpg.rf.5bbc4ab3cee8bf8f36b46bf141800a2d.jpg,smoke
ck0t7cczuqxtt07212nj5eznh_jpeg_jpg.rf.1f57272b2006eeadc2a2016e3190046e.jpg,smoke
ck0t7cnx9n84208386ufrbnj2_jpeg_jpg.rf.3696e101a6a4a33af389d47958d85594.jpg,smoke
ck0t7s2o0ne4408387zvqn6pr_jpeg_jpg.rf.9d82f47037994e9431d846d0e69c29af.jpg,smoke
ck0t7yaokmuhl0863v1rlsm5p_jpeg_jpg.rf.680e79bd46deb003d704e11ab531a7c8.jpg,smoke
ck0t81ysfnhui0838yucfeszk_jpeg_jpg.rf.d77ef4ee9de3ce0a5567b45b652c15aa.jpg,smoke
ck0tsw61gqm680794v186apwr_jpeg_jpg.rf.9a1db501eca90ac0774a53276015090a.jpg,smoke
ck0tswxwqqmau0794imifdgnh_jpeg_jpg.rf.0b79e7e775e9cd4c357420b13a5f6421.jpg,smoke
ck0tsz3b0624008481fmfbt28_jpeg_jpg.rf.9a542cbd57133ac927b9234169fd2046.jpg,smoke
ck0tszlepw02k0721zr71djfj_jpeg_jpg.rf.64a1968aa6db86a7f38d4f556391757b.jpg,smoke
ck0tszu61qmo10794stj6lmkj_jpeg_jpg.rf.cfdf16886251f8c4904575cc06222f7a.jpg,smoke
ck0tt0dkysbs70838q7t3vnr9_jpeg_jpg.rf.ed053beb3283deee85b9ea01242dd17a.jpg,smoke
ck0tt28fjsc1i0838s2ji5dhe_jpeg_jpg.rf.71a3a87e04069563866efae355e397ca.jpg,smoke
ck0tt2h2btoz109449lxjh5hi_jpeg_jpg.rf.ce0b21c3004b1826b9df568358625d90.jpg,smoke
ck0tt357asc4k0838zbkl0wrd_jpeg_jpg.rf.5daa99400110ebc269c112d967261f00.jpg,smoke
ck0twb97n5uc20a46en2e2spb_jpeg_jpg.rf.5328e77e038afd9c565266bc9bccffac.jpg,smoke
ck0twbr4hwf330721j3vv8j30_jpeg_jpg.rf.e1bbe659b1711abda503b84b9845fe52.jpg,smoke
ck0twhqawsr970838xj2topr5_jpeg_jpg.rf.6e8f5de9ef69189b57baacc3d848984f.jpg,smoke
ck0twi6d05v8f0a469q54h3iq_jpeg_jpg.rf.f84501198a5038bdf338221d5add269f.jpg,smoke
ck0twl6pqwg6c0721ja81m52m_jpeg_jpg.rf.f67824a1ed0c91195861184b83e63241.jpg,smoke
ck0twwuxz6k9i0848br68e8wm_jpeg_jpg.rf.fbf69a06834cc70c46c7f4e5fc963dd6.jpg,smoke
ck0twzs19s8ld08632qx4gg12_jpeg_jpg.rf.5803b955e77c284d7e8c1cbd76ce5f86.jpg,smoke
ck0tx0999u6br0944s68atde0_jpeg_jpg.rf.5fe6b53758cfeb8acfb1ad387264777d.jpg,smoke
ck0tx10f0r4n40794pbbiu6iw_jpeg_jpg.rf.8103782ed9e0202064c4c84742eeb318.jpg,smoke
ck0txbqlewjuv0721agjyhu78_jpeg_jpg.rf.1263bfee5bc4d1c5fac751a604d867c1.jpg,smoke
ck0txdhj9wk390721me7hmajn_jpeg_jpg.rf.ecf2b9e71f2a6733ad14b270ac1ef1c6.jpg,smoke
ck0txgdlcsvs8083883yrxqar_jpeg_jpg.rf.a191f3ea37c31ca46b6f6cb68441299b.jpg,smoke
ck0txn3y1uaec0944bo6m4q6c_jpeg_jpg.rf.f06e9522e40b3eb128e803c279429265.jpg,smoke
ck0txrr4nswy40838d5s9tydp_jpeg_jpg.rf.91175eab6e6d18c074b1ca37b1c04c73.jpg,smoke
ck0txs402uehd070195c9mfko_jpeg_jpg.rf.b3046ee62f395028551d43f99b53ae98.jpg,smoke
ck0txvaz6ub6h09447ux3qyyt_jpeg_jpg.rf.45ef5b1ca4aeb81551ad622780e12e64.jpg,smoke
ck0txvj9m6otr0848fayj9tte_jpeg_jpg.rf.3a63242feba68907e9d00f06bf8a36fc.jpg,smoke
ck0txx0ddscoq0863bm1ntw9g_jpeg_jpg.rf.3e8d333195029740bcf2ddce11b5f72a.jpg,smoke
ck0ty5rb66pry08483lgrlmhz_jpeg_jpg.rf.9c7c00d0a54eca50969fb12e44b2e5b7.jpg,smoke
ck0ty9cx4r9qk0794foscpnun_jpeg_jpg.rf.59b4af10cf1aacb1409bfcad0c50a802.jpg,smoke
ck0tyfppk6qqc0848u6xtpzgx_jpeg_jpg.rf.6b91cf1a2ce71124600978d5a6fec9b3.jpg,smoke
ck0tyhb0zszbr0838w1dyisjw_jpeg_jpg.rf.2d2f1d710b9aeb2e7dd19818b4345f55.jpg,smoke
ck0tyjzuxsewd0863g6vu5zec_jpeg_jpg.rf.1c2853d626263262b05e52a5d6461d44.jpg,smoke
ck0tyojsawouz0721wteyaxe4_jpeg_jpg.rf.4b7f5562a84f4e51403194213366c6ae.jpg,smoke
ck0tyq31o6ryb08488lus3geb_jpeg_jpg.rf.7f2706afa63115c704971e8ac2678f90.jpg,smoke
ck0tyv5y2wpox0721volr4z26_jpeg_jpg.rf.fd2daa6649e6ae9096f2982776fdc16d.jpg,smoke
ck0tzh0mmsjb70863m9jdqypg_jpeg_jpg.rf.acd4aa45e2e511b0470abe81ebe9ddbc.jpg,smoke
ck0tzinm26vvi0848hrzkprh2_jpeg_jpg.rf.3544828b5851b49020ca59d5f8ce811e.jpg,smoke
ck0tzjni6sjt50863e6a6a8fl_jpeg_jpg.rf.66afb5b4a364ec71f2d1fc71c6e461e3.jpg,smoke
ck0tzkkd8ulz70701xe5upkxe_jpeg_jpg.rf.818b69ec14bdda89cd395693598ef525.jpg,smoke
ck0tzncx5rg970794klhrot7p_jpeg_jpg.rf.7a583898a1656beaa2b397107a4bccbb.jpg,smoke
ck0tzphn3t5by0838ge18vkq7_jpeg_jpg.rf.1cb517b76b233b7fb4a24e9cdf609b78.jpg,smoke
ck0tzpygswuae0721bhuvjofj_jpeg_jpg.rf.0187bc1aa323b4e2537c617e3591cec6.jpg,smoke
ck0tzuao2wuuv0721d9vb3uvm_jpeg_jpg.rf.64575fc5ed63bb346566340e455af91f.jpg,smoke
ck0tzvykb6xxf0848pysx89eg_jpeg_jpg.rf.655dbacd53137c834145074a0747e438.jpg,smoke
ck0tzwr6a6y270848xgzmj6hq_jpeg_jpg.rf.67dddf6c26a982420f2f2ff3290631d1.jpg,smoke
ck0tzxdcpslr10863f9172aju_jpeg_jpg.rf.e18bf46dd9d43a0af385921a7672f8e1.jpg,smoke
ck0tzzys2sm6b0863k8qyy7hp_jpeg_jpg.rf.1de127e4fae32df658f2ef826af098f4.jpg,smoke
ck0u02mwv6bah0a467209caub_jpeg_jpg.rf.5bf2ce858480117370be4cec2079f714.jpg,smoke
ck0u030x8uono0701kp4dvddz_jpeg_jpg.rf.ab9bbd6a9c2c5420199dc84819919afc.jpg,smoke
ck0u07w91ulq009446ol1bta4_jpeg_jpg.rf.c46c2a3657daa9ef7e3cbb49494b8b97.jpg,smoke
ck0u095lit8ti08381w4noa0x_jpeg_jpg.rf.f1fa418258114a3a7775f78534318afe.jpg,smoke
ck0u09p0z70h60848av5vdh7v_jpeg_jpg.rf.01cacd4650c381bb7d451fb33ec697b9.jpg,smoke
ck0u0dcgdwy9r072177202gnd_jpeg_jpg.rf.3e15a6d096070ae2e4f93ddf095bcc57.jpg,smoke
ck0u0dtzbt9mu08385juqmknt_jpeg_jpg.rf.bbf889cea606dd2c24480e2a97eb1c26.jpg,smoke
ck0u0e1zzwydk07210xx5o9vv_jpeg_jpg.rf.50cb5cd2cce5354ba4d43581f498eb3f.jpg,smoke
ck0u0hkwqurd207012dbpgjhf_jpeg_jpg.rf.44b414129ea891d34c881f44c748dd42.jpg,smoke
ck0u0ihp7sq1z086335c6h592_jpeg_jpg.rf.6fdd2a6dd49ecdb604f16f083616b1f9.jpg,smoke
ck0u0iymarljc079432rld6ur_jpeg_jpg.rf.ddf1566fca08c94e05bff3ea12602b6a.jpg,smoke
ck0u0m0dqtaz70838kcm0o9w3_jpeg_jpg.rf.1e75b8e9b84969f3a5b37662ca8a644f.jpg,smoke
ck0u0nf3ftb7n083861jt62o2_jpeg_jpg.rf.d02f84119102b66364659e6320e375bf.jpg,smoke
ck0u0p0aix0240721eyb5n57o_jpeg_jpg.rf.c5bc32f974cbb07a937c4d9558a022b0.jpg,smoke
ck0u0y7byrnvd0794vpqdexro_jpeg_jpg.rf.a1deaabaa065958d09becbd39cdc5f3e.jpg,smoke
ck0u0zahz74ln0848lonhk1xg_jpeg_jpg.rf.5d16fe8924d4413131de93d7740a323e.jpg,smoke
ck0u13mbhte0v0838nxz2zdkf_jpeg_jpg.rf.04086e2f1b614eeffac0e6f8d7e098b9.jpg,smoke
ck0u14y7arp5c0794llhscme5_jpeg_jpg.rf.aad04111c33e0d313d3b7e10f1b17d07.jpg,smoke
ck0u96z1nxzlx0721hdcmet81_jpeg_jpg.rf.754d0e16ba6c47a94f3cc7ef9126b737.jpg,smoke
ck0u98ba1xzpe0721rgjjjun5_jpeg_jpg.rf.abb00ea470d2c44c17509c10010d3af0.jpg,smoke
ck0ug3gjz7wk00a46ikj346zv_jpeg_jpg.rf.9e02ccdfa4ec262be11cb6b2f2693319.jpg,smoke
ck0ug3zlfw61d09445i888ftl_jpeg_jpg.rf.2055f3ed191bfc50fad9dd984f9898a8.jpg,smoke
ck0uiwjhb843y0a46w2o985sl_jpeg_jpg.rf.fc1aa1159c5d0846c3e5a0a623f72ea0.jpg,smoke
ck0uj9sgjyq2b0721813otzrx_jpeg_jpg.rf.d83e9ec57ed8a1c5b7fb9850ab567581.jpg,smoke
ck0ujfqoy85bw0a46u3lgcx88_jpeg_jpg.rf.d2060299721b92c90735170d17f1ed58.jpg,smoke
ck0ujkl8y85nx0a4678ht59jh_jpeg_jpg.rf.fb42b026968954c4d8fca2b9688c5def.jpg,smoke
ck0ujvlapv2j60838394p7rtf_jpeg_jpg.rf.d7bf00fd32fbb369ac7a821bfb71a978.jpg,smoke
ck0ujy91ete1p0794u8tbqbox_jpeg_jpg.rf.16ca64918d8e17c524bb997c13aafcf7.jpg,smoke
ck0uk19kvwftk0944hsc0vul0_jpeg_jpg.rf.849d7b88b47b5e5c63c361b66088df75.jpg,smoke
ck0uk2i9z86xl0a46gizlif59_jpeg_jpg.rf.e33c5ef7e4baf3150bfa081d253511eb.jpg,smoke
ck0uk4wf8875i0a46hztpqvip_jpeg_jpg.rf.6c685419c3458c2bfc4c3de09aa5aa0d.jpg,smoke
ck0uk5rawysf20721e35n6nk5_jpeg_jpg.rf.aa1230499f50d9daac8a51d19779b695.jpg,smoke
ck0ukhfkfv4f10838ulu89xc8_jpeg_jpg.rf.828d54e02c879bea970169ce55a123f1.jpg,smoke
ck0ukhrm7wh9z0944dld49omk_jpeg_jpg.rf.71a61844afb4444ce272b5b69cfc97ea.jpg,smoke
ck0ukjmceuk3t0863k4o3i8g4_jpeg_jpg.rf.846ff79cb0437c11f83e2079e729e514.jpg,smoke
ck0ukkr2f8vml0848uyh1iw50_jpeg_jpg.rf.0c203d1bf88ba16182a5a6ded3e94e60.jpg,smoke
Europe_forest_1200_jpg.rf.8f9df279436250b05a04d8176e96c428.jpg,smoke
Europe_forest_171960_jpg.rf.f9ba2d283b59663bec4436e44403015d.jpg,smoke
Europe_forest_172560_jpg.rf.4f7d17402f4e3465d07518439c415a25.jpg,smoke
Europe_forest_173520_jpg.rf.d20546ae2b9431bbd1e5b505f900633e.jpg,smoke
Europe_forest_174360_jpg.rf.35a5eea16c0c16a93991a2fa1ab5b3ee.jpg,smoke
Europe_forest_175320_jpg.rf.6ae5aafd70ba872fa43fff115096ee5f.jpg,smoke
Europe_forest_175560_jpg.rf.6977e678a34646dfee1fbf4d38c6afce.jpg,smoke
Europe_forest_175920_jpg.rf.b6a493f730084ec6f04c04c976d860c6.jpg,smoke
Europe_forest_180600_jpg.rf.28b5b27686a412fcf1f90a26bd89e3cd.jpg,smoke
Europe_forest_240_jpg.rf.314ef500d6327f1b81c0cf30a33a5c32.jpg,smoke
Europe_forest_720_jpg.rf.df9c18416bcf7a3daabe3c95f77e0d03.jpg,smoke
--------_111_jpg.rf.904e99554209e35c3c7d635b1be9e801.jpg,sunset
--------_218_jpg.rf.e4012122a0c2ab76b4c92d2828316480.jpg,sunset
--------_592_jpg.rf.e22c283b9bbeeea9160ab96e137123ca.jpg,sunset
--------_623_jpg.rf.6deb1869231a1029954372fad2db854a.jpg,sunset
-------_75_jpg.rf.6f81ba710f0dacc76b27ebef716a8022.jpg,sunset
------_100_jpg.rf.89ee83ee0166770c58b6b50e4a88a0e4.jpg,sunset
------_125_jpg.rf.02570b5f1689de5c6f670cbfde0bf089.jpg,sunset
------_141_jpg.rf.1b387eeb0bca39618dfe362028286cd8.jpg,sunset
------_142_jpg.rf.49997c1a33b9fe24af5d47cf560428a2.jpg,sunset
------_146_jpg.rf.e7437fbd1b6e7a28ac8e78c6849126b6.jpg,sunset
------_19_jpg.rf.d04060e6bc84e2fe2766447c01b3cbbc.jpg,sunset
------_2_jpg.rf.f641d6fd6dde4a7188806ee38e40ed7e.jpg,sunset
------_32_jpg.rf.cff502bfca54d917f130ebc2d43a545b.jpg,sunset
------_3_jpg.rf.b4c97ebf7e5144ca57613fc3db69fd94.jpg,sunset
----_1740_jpg.rf.f8be88b9e00ea2aff2ed0aed45e6bde9.jpg,sunset
----_1770_jpg.rf.56462d8671841d7e60345eebaeff9435.jpg,sunset
----_267_jpg.rf.c423994a4d3a1eb5ffe2f5dc21f1e213.jpg,sunset
----_270_jpg.rf.826235235d7d86f7dce6c5c986bf556c.jpg,sunset
----_284_jpg.rf.4355f60512f8f7e61ff7c29d42a97d4d.jpg,sunset
----_292_jpg.rf.1601fb1572b8a398585b880928f27988.jpg,sunset
----_300_jpg.rf.4c26c1bd2d237b9b3ee70153f002f0f9.jpg,sunset
----_308_jpg.rf.95883f97f6e72b409f21637291ea647e.jpg,sunset
----_321_jpg.rf.77b9894f918ec759faffc7dc1c38f571.jpg,sunset
----_334_jpg.rf.318e216093140cb1f46ddd8e54b06537.jpg,sunset
----_344_jpg.rf.866b2f1e1ba3e5cab8da5c3b18fd797c.jpg,sunset
----_346_jpg.rf.febdbe5430285dbfb212ae0baafe64ce.jpg,sunset
----_352_jpg.rf.f32a27ecc38617bca090788d99129ca5.jpg,sunset
----_367_jpg.rf.8a1ee415b637ac9e3c783f001d667d8f.jpg,sunset
----_389_jpg.rf.1b14052a43b96a8c56eec0ad5b7482d9.jpg,sunset
----_402_jpg.rf.eae01f10a20eaaf6c8800ad2279ded23.jpg,sunset
----_406_jpg.rf.74054e9e3c5a0e1e83490d46d2d7ba69.jpg,sunset
----_410_jpg.rf.0edcaa3fd02f228319e291a7432592ee.jpg,sunset
----_412_jpg.rf.c1126ebbc5e7848f4c8dea9677c99040.jpg,sunset
----_445_jpg.rf.8edd4027bd3b713982192aa9a2e91874.jpg,sunset
----_462_jpg.rf.b8573529449b3627adc857d181c98eb4.jpg,sunset
----_465_jpg.rf.6064e6ecee42bcee81df5e251d78acd3.jpg,sunset
----_487_jpg.rf.755876837274413f48794a83a9978aba.jpg,sunset
----_503_jpg.rf.17f6489970fcacddd2b89aa1b8e41256.jpg,sunset
----_521_jpg.rf.f76611c3697577e73c32f5d54ec5b5f7.jpg,sunset
----_620_jpg.rf.5b307db1ce9772f0df98ac1dc11890af.jpg,sunset
--_20_jpg.rf.a52d5a82b963a4f4f7797be1ee1ebd8f.jpg,sunset
--_25_jpg.rf.e529b8f9d0b127f1217803a8b404254a.jpg,sunset
--_26_jpg.rf.1c58e5648b31fa2525da0bb89da7c394.jpg,sunset
--_27_jpg.rf.4a228a06c026fd70a45f5d71a9209c88.jpg,sunset
--_35_jpg.rf.c7b9f03dba4364547c6976aef1ebb3ab.jpg,sunset
FOREST_S_29904_jpg.rf.044bde2b50fcdb7f637c3605baf64e0b.jpg,sunset
FOREST_S_29952_jpg.rf.5fe313834499068a3453d2193cdf4e1a.jpg,sunset
FOREST_S_3696_jpg.rf.df11965d1b399453e1bd60d251eda11b.jpg,sunset
FOREST_S_3744_jpg.rf.84be13ba087ad41c485d6737696139cf.jpg,sunset
FOREST_S_44352_jpg.rf.c99420a93652f1688701894403357d4c.jpg,sunset
FOREST_S_44496_jpg.rf.337ef12f56b40853882a531c8170c35e.jpg,sunset
nofire30_120_jpg.rf.54e61af581e810d5e98eba6cedfd5ea1.jpg,sunset
nofire30_14400_jpg.rf.6d04d1ead80741d2d8dc049bd24862e5.jpg,sunset
nofire30_17850_jpg.rf.a20676c9eb23f51ae49b4da89f02b3d2.jpg,sunset
nofire30_17880_jpg.rf.7725bd9b6f022b0e66c1f69941ad5917.jpg,sunset
nofire30_180_jpg.rf.76a1d2e7813ee939dfd52b67f6e163bb.jpg,sunset
nofire30_270_jpg.rf.3b2706452611a448e0a97ef600ba6aaa.jpg,sunset
nofire30_330_jpg.rf.7256a5dc962b6f938caff0d41b34b031.jpg,sunset
not_fire002_png_jpg.rf.44da5d84b9fc575a80ba111a51910fd1.jpg,sunset
not_fire007_png_jpg.rf.74a9571c3c55fc4ee9f17e677b587a99.jpg,sunset
not_fire009_png_jpg.rf.43ab3b6345637ffc0658bf07f1369af8.jpg,sunset
not_fire016_png_jpg.rf.c29619db1eca12ccffcbec7a737b994a.jpg,sunset
not_fire040_png_jpg.rf.f5c322048032424d118a5cfd2bf0f823.jpg,sunset
not_fire041_png_jpg.rf.4d165af68a13aa0fca94404e4d09074a.jpg,sunset
not_fire045_png_jpg.rf.edb241feef3150f9d32459dcb3d8f12d.jpg,sunset
not_fire056_png_jpg.rf.8e68d9f29354ab06cfaa5ad1852a44be.jpg,sunset
not_fire057_png_jpg.rf.0b65b48d56e1eb6dc7801bc2518f2263.jpg,sunset
not_fire060_png_jpg.rf.40bdc3b7a0e688c56927ff4d63f2b05f.jpg,sunset
not_fire061_png_jpg.rf.c894e2f8089af382904692dd847cd2c7.jpg,sunset
not_fire069_png_jpg.rf.fe11dc46927be01e810e3bdf4ceacc7b.jpg,sunset
not_fire070_png_jpg.rf.81b3b0aa9eda32056e2bf5ed207aacd2.jpg,sunset
not_fire074_png_jpg.rf.2b29e6a51416081b25d098bf5db53225.jpg,sunset
not_fire079_png_jpg.rf.08ab66b892f3bbcb796593fdde249701.jpg,sunset
not_fire083_png_jpg.rf.704a3872eaaef667afd432464bbaffd3.jpg,sunset
not_fire084_png_jpg.rf.d56d4431cabd1d0fd25920ef6ee9ad45.jpg,sunset
not_fire092_png_jpg.rf.873969b812b04fcb02d22390b10a0dd3.jpg,sunset
not_fire106_png_jpg.rf.964c85c4845f57b3ebb674cc95b2da68.jpg,sunset
Phantom3_Pro_Sunrise_6600_jpg.rf.2c0ccd1a9a220f8a91b6a668c8981f77.jpg,sunset
Phantom3_Pro_Sunrise_6720_jpg.rf.5847624909ae7797ca5635963c7b998a.jpg,sunset
Phantom3_Pro_Sunrise_6750_jpg.rf.d0c0094a92d0448251c7011217174155.jpg,sunset
Phantom3_Pro_Sunrise_6810_jpg.rf.235e4a4a66eaa8cda958c8f14d9aa2c2.jpg,sunset
Phantom3_Pro_Sunrise_6900_jpg.rf.d26038f1b9ea0a181c726fa424a55c69.jpg,sunset
Phantom3_Pro_Sunrise_6930_jpg.rf.639993485db2c20044815f3428fbb10c.jpg,sunset
Phantom3_Pro_Sunrise_6960_jpg.rf.c8ce57d22ca01df8540f06d7c6cecaa0.jpg,sunset
